accuracy,congruity,height,response,rt,stimulus,subject_nr,targetSide,width,md,auc,xflips,init_time
1,incongruent,1050,2,1374,rightIncongruent.jpg,101,right,1680,1.43553180033,-0.32821913761,1,40.0
1,congruent,1050,2,886,rightCongruent.jpg,101,right,1680,0.823987982111,0.585916991215,0,280.0
1,congruent,1050,1,730,leftCongruent.jpg,101,left,1680,-0.980406232698,-1.15312619594,0,300.0
1,congruent,1050,2,799,rightCongruent.jpg,101,right,1680,0.515915200049,0.582442249004,0,280.0
1,incongruent,1050,2,864,rightIncongruent.jpg,101,right,1680,1.63640977285,2.63385139296,0,300.0
1,congruent,1050,2,891,rightCongruent.jpg,101,right,1680,-0.963267827713,-0.952129142467,0,200.0
1,incongruent,1050,2,903,rightIncongruent.jpg,101,right,1680,2.0262678431,0.303747612042,0,20.0
1,incongruent,1050,2,713,rightIncongruent.jpg,101,right,1680,0.353820108038,-0.283772433286,1,40.0
1,congruent,1050,2,801,rightCongruent.jpg,101,right,1680,-0.356211462298,-0.255402115901,0,100.0
1,congruent,1050,1,795,leftCongruent.jpg,101,left,1680,1.32097960288,2.22598571221,0,200.0
1,congruent,1050,1,817,leftCongruent.jpg,101,left,1680,-0.902473373026,-0.0515094844387,0,40.0
1,incongruent,1050,2,894,rightIncongruent.jpg,101,right,1680,1.30928511025,1.46601808868,0,40.0
1,congruent,1050,1,740,leftCongruent.jpg,101,left,1680,1.66289043206,1.29790988629,0,40.0
1,congruent,1050,1,766,leftCongruent.jpg,101,left,1680,1.12886660502,1.110738929,1,140.0
1,incongruent,1050,2,773,rightIncongruent.jpg,101,right,1680,1.56810893232,0.90078045908,1,40.0
1,congruent,1050,1,736,leftCongruent.jpg,101,left,1680,0.699051014846,0.920641552738,0,120.0
1,congruent,1050,2,821,rightCongruent.jpg,101,right,1680,-0.505817148561,-0.440342095347,0,40.0
1,congruent,1050,2,1025,rightCongruent.jpg,101,right,1680,0.843804001557,1.18038359318,0,180.0
1,congruent,1050,1,637,leftCongruent.jpg,101,left,1680,-0.694301262526,-0.451964534209,0,40.0
1,congruent,1050,1,633,leftCongruent.jpg,101,left,1680,0.455187013782,0.54451257831,0,100.0
1,incongruent,1050,1,931,leftIncongruent.jpg,101,left,1680,1.48025066001,1.25559071365,0,40.0
1,congruent,1050,1,734,leftCongruent.jpg,101,left,1680,-0.998834220871,-1.12093759472,0,260.0
1,congruent,1050,2,1470,rightCongruent.jpg,101,right,1680,1.24214729648,0.994129573095,0,40.0
1,incongruent,1050,1,894,leftIncongruent.jpg,101,left,1680,-0.835353646689,-0.425658036536,1,40.0
1,incongruent,1050,1,899,leftIncongruent.jpg,101,left,1680,1.11017634348,1.25810908808,1,60.0
1,incongruent,1050,2,1006,rightIncongruent.jpg,101,right,1680,1.659904907,1.27018502828,0,40.0
1,incongruent,1050,1,1162,leftIncongruent.jpg,101,left,1680,1.53494778743,2.54713861667,0,300.0
1,incongruent,1050,1,937,leftIncongruent.jpg,101,left,1680,-1.15435250807,0.281007669415,1,40.0
1,incongruent,1050,1,663,leftIncongruent.jpg,101,left,1680,1.03506611688,0.846973534318,0,40.0
1,incongruent,1050,1,631,leftIncongruent.jpg,101,left,1680,0.137810897686,0.13422924515,0,40.0
1,incongruent,1050,1,867,leftIncongruent.jpg,101,left,1680,0.61431435156,0.626027425201,1,80.0
1,congruent,1050,1,684,leftCongruent.jpg,101,left,1680,0.193706454996,0.208813741077,0,40.0
1,incongruent,1050,2,969,rightIncongruent.jpg,101,right,1680,1.44398533135,1.17422443733,0,40.0
1,incongruent,1050,1,1171,leftIncongruent.jpg,101,left,1680,1.15566538593,0.868774098367,1,120.0
1,incongruent,1050,2,1028,rightIncongruent.jpg,101,right,1680,1.35179160707,1.29299302749,1,200.0
1,congruent,1050,2,688,rightCongruent.jpg,101,right,1680,0.883882905186,0.43927336796,1,80.0
1,incongruent,1050,1,726,leftIncongruent.jpg,101,left,1680,0.27633706689,0.273899766427,0,40.0
1,incongruent,1050,1,1348,leftIncongruent.jpg,101,left,1680,1.03540273035,0.604581461276,1,60.0
1,incongruent,1050,2,1064,rightIncongruent.jpg,101,right,1680,0.811326696689,0.620465239066,1,320.0
1,incongruent,1050,2,953,rightIncongruent.jpg,101,right,1680,1.64083283808,1.52477994293,0,80.0
1,incongruent,1050,2,914,rightIncongruent.jpg,101,right,1680,0.382092996271,0.249687503982,0,100.0
1,congruent,1050,2,838,rightCongruent.jpg,101,right,1680,-0.0968292042298,-0.0181702006159,0,320.0
1,congruent,1050,2,974,rightCongruent.jpg,101,right,1680,0.349786999448,0.302718810182,0,160.0
1,incongruent,1050,2,849,rightIncongruent.jpg,101,right,1680,0.282355980108,0.276398126599,0,240.0
1,incongruent,1050,1,1268,leftIncongruent.jpg,101,left,1680,0.395482745213,0.50590576674,1,280.0
1,congruent,1050,1,838,leftCongruent.jpg,101,left,1680,0.0836296546375,0.0260578705734,0,300.0
1,congruent,1050,2,926,rightCongruent.jpg,101,right,1680,-0.452960136866,-0.292934003514,0,320.0
1,incongruent,1050,2,848,rightIncongruent.jpg,101,right,1680,0.635984160463,0.524525839939,0,200.0
1,congruent,1050,2,895,rightCongruent.jpg,101,right,1680,-0.131396578585,-0.0913793465627,0,280.0
1,incongruent,1050,1,1021,leftIncongruent.jpg,101,left,1680,0.571719012185,0.442035790699,0,220.0
1,congruent,1050,2,775,rightCongruent.jpg,101,right,1680,0.0790310046253,0.10025127768,0,260.0
1,congruent,1050,1,855,leftCongruent.jpg,101,left,1680,-0.167382814909,-0.12618153573,0,240.0
1,incongruent,1050,1,1028,leftIncongruent.jpg,101,left,1680,0.641667286147,0.558398185132,0,300.0
1,congruent,1050,2,747,rightCongruent.jpg,101,right,1680,-0.323071385382,-0.320994256542,0,260.0
1,congruent,1050,2,807,rightCongruent.jpg,101,right,1680,-0.141788530328,-0.112711752163,0,300.0
1,incongruent,1050,2,1045,rightIncongruent.jpg,101,right,1680,1.32296765243,1.10123778488,0,300.0
1,incongruent,1050,2,847,rightIncongruent.jpg,101,right,1680,0.379562250008,0.36731786963,0,280.0
1,incongruent,1050,1,874,leftIncongruent.jpg,101,left,1680,-0.0840489823196,-0.0941678911399,0,460.0
1,congruent,1050,2,774,rightCongruent.jpg,101,right,1680,-0.033756449876,-0.0194455659713,0,300.0
1,congruent,1050,1,1124,leftCongruent.jpg,101,left,1680,-0.115451529308,-0.0978732188516,0,300.0
1,incongruent,1050,1,1113,leftIncongruent.jpg,101,left,1680,0.172219145551,0.200552621215,0,120.0
1,incongruent,1050,1,788,leftIncongruent.jpg,101,left,1680,0.207402133284,0.169454327613,0,240.0
1,congruent,1050,2,770,rightCongruent.jpg,101,right,1680,0.0542112666657,0.0698464862191,0,300.0
1,incongruent,1050,2,832,rightIncongruent.jpg,101,right,1680,0.33029872755,0.308558306005,0,280.0
1,incongruent,1050,1,919,leftIncongruent.jpg,101,left,1680,-0.0907288835179,-0.0466827377123,0,340.0
1,congruent,1050,1,811,leftCongruent.jpg,101,left,1680,-0.169561709248,-0.192263195168,0,320.0
1,congruent,1050,2,775,rightCongruent.jpg,101,right,1680,-0.105438106523,-0.102119758678,0,260.0
1,congruent,1050,1,888,leftCongruent.jpg,101,left,1680,0.0444125350916,0.0250625171499,0,320.0
1,congruent,1050,2,752,rightCongruent.jpg,101,right,1680,-0.0824375903724,-0.0474421354073,0,300.0
1,incongruent,1050,2,893,rightIncongruent.jpg,101,right,1680,0.760292832576,0.841129860558,0,220.0
1,congruent,1050,1,774,leftCongruent.jpg,101,left,1680,-0.199478356592,-0.25402169948,0,300.0
1,congruent,1050,1,1362,leftCongruent.jpg,101,left,1680,0.114890243,0.00736190741802,0,320.0
1,congruent,1050,2,728,rightCongruent.jpg,101,right,1680,-0.117887319812,-0.0929523482769,0,260.0
1,congruent,1050,1,559,leftCongruent.jpg,101,left,1680,-0.1806657259,-0.200427524502,0,100.0
1,congruent,1050,1,1017,leftCongruent.jpg,101,left,1680,-0.187179329061,-0.150573416583,0,300.0
1,incongruent,1050,1,782,leftIncongruent.jpg,101,left,1680,0.372970286717,0.116479950429,0,60.0
1,incongruent,1050,1,580,leftIncongruent.jpg,101,left,1680,0.259839024556,0.405143511933,0,40.0
1,incongruent,1050,2,1387,rightIncongruent.jpg,101,right,1680,1.0327462545,1.0423649617,1,220.0
1,congruent,1050,1,794,leftCongruent.jpg,101,left,1680,-0.318886476433,-0.384538173512,0,260.0
1,incongruent,1050,1,884,leftIncongruent.jpg,101,left,1680,0.285710267176,0.314202778029,0,160.0
1,congruent,1050,2,817,rightCongruent.jpg,101,right,1680,0.387754687129,0.521465339615,0,140.0
1,incongruent,1050,2,1220,rightIncongruent.jpg,101,right,1680,-0.46008798865,-0.0744151486117,1,40.0
1,congruent,1050,1,684,leftCongruent.jpg,101,left,1680,-0.0903290408269,-0.0951228395195,0,240.0
1,congruent,1050,1,720,leftCongruent.jpg,101,left,1680,0.224657904204,0.0854530683133,0,140.0
1,congruent,1050,1,619,leftCongruent.jpg,101,left,1680,-0.26756376073,-0.317169107152,0,120.0
1,incongruent,1050,1,609,leftIncongruent.jpg,101,left,1680,-0.0467733510257,0.0182741404463,0,40.0
1,incongruent,1050,1,664,leftIncongruent.jpg,101,left,1680,-0.0428786868158,-0.0452316108136,0,60.0
1,incongruent,1050,2,832,rightIncongruent.jpg,101,right,1680,0.622696763436,0.64575410724,0,320.0
1,congruent,1050,2,846,rightCongruent.jpg,101,right,1680,-0.104720736683,-0.0882682018165,0,280.0
1,congruent,1050,1,860,leftCongruent.jpg,101,left,1680,-0.140667713825,-0.107718103807,0,300.0
1,incongruent,1050,1,798,leftIncongruent.jpg,101,left,1680,0.446266621199,0.229074605034,1,260.0
1,incongruent,1050,1,878,leftIncongruent.jpg,101,left,1680,0.0789254833297,0.0188295903643,0,320.0
1,incongruent,1050,2,1308,rightIncongruent.jpg,101,right,1680,1.44884017879,1.3848152431,0,260.0
1,congruent,1050,2,787,rightCongruent.jpg,101,right,1680,0.0303453826949,0.0240509204755,0,300.0
1,incongruent,1050,2,1070,rightIncongruent.jpg,101,right,1680,0.312469833684,0.285979181351,1,300.0
1,incongruent,1050,2,840,rightIncongruent.jpg,101,right,1680,0.619705847178,0.456529099394,0,260.0
1,congruent,1050,1,945,leftCongruent.jpg,101,left,1680,0.222791120979,0.0704865349949,1,260.0
1,congruent,1050,2,854,rightCongruent.jpg,101,right,1680,0.10320287652,0.103811779721,0,320.0
1,incongruent,1050,2,819,rightIncongruent.jpg,101,right,1680,0.513270197922,0.416419521793,0,300.0
1,congruent,1050,2,640,rightCongruent.jpg,101,right,1680,0.375132554465,0.27010137885,0,40.0
1,congruent,1050,2,690,rightCongruent.jpg,101,right,1680,0.254230797291,0.235065235094,0,80.0
1,congruent,1050,2,934,rightCongruent.jpg,101,right,1680,0.890920640151,0.451681468162,0,40.0
1,congruent,1050,1,1015,leftCongruent.jpg,101,left,1680,0.450292563961,0.420686531245,0,100.0
1,congruent,1050,2,603,rightCongruent.jpg,101,right,1680,-0.316626776376,-0.380672923049,0,100.0
1,congruent,1050,2,621,rightCongruent.jpg,101,right,1680,0.292192263519,0.253088321267,0,180.0
1,incongruent,1050,2,806,rightIncongruent.jpg,101,right,1680,0.592151602709,0.744091582519,1,260.0
1,congruent,1050,1,713,leftCongruent.jpg,101,left,1680,-0.157524065425,-0.184174902485,0,320.0
1,congruent,1050,1,705,leftCongruent.jpg,101,left,1680,0.0602019607294,-0.0369212307799,0,320.0
1,congruent,1050,2,607,rightCongruent.jpg,101,right,1680,-0.0805238778248,-0.0777997673251,0,280.0
1,congruent,1050,2,673,rightCongruent.jpg,101,right,1680,-0.111575691445,-0.118821045932,0,300.0
1,congruent,1050,1,659,leftCongruent.jpg,101,left,1680,-0.27453482291,-0.273567432408,0,300.0
1,incongruent,1050,2,662,rightIncongruent.jpg,101,right,1680,0.741306359727,0.817233795775,0,240.0
1,incongruent,1050,2,735,rightIncongruent.jpg,101,right,1680,0.093022218497,-0.026078362999,0,280.0
1,congruent,1050,2,626,rightCongruent.jpg,101,right,1680,-0.149788684703,-0.163893235657,0,240.0
1,incongruent,1050,1,757,leftIncongruent.jpg,101,left,1680,1.01368028399,0.963380967676,0,240.0
1,incongruent,1050,2,695,rightIncongruent.jpg,101,right,1680,0.520217821221,0.524530989373,1,260.0
1,congruent,1050,1,1007,leftCongruent.jpg,101,left,1680,-0.098119032159,-0.104806839619,0,280.0
1,incongruent,1050,1,712,leftIncongruent.jpg,101,left,1680,0.134893209963,-0.0176235857216,0,280.0
1,congruent,1050,1,650,leftCongruent.jpg,101,left,1680,-0.0517711339076,-0.0230916347279,0,280.0
1,incongruent,1050,2,808,rightIncongruent.jpg,101,right,1680,0.886450502128,0.995234212034,1,260.0
1,incongruent,1050,1,1265,leftIncongruent.jpg,101,left,1680,1.02750827899,0.954016232561,1,280.0
1,incongruent,1050,1,814,leftIncongruent.jpg,101,left,1680,0.239679217572,0.161287856446,0,300.0
1,congruent,1050,2,740,rightCongruent.jpg,101,right,1680,0.0805442232325,0.00863905214715,0,320.0
1,incongruent,1050,1,881,leftIncongruent.jpg,101,left,1680,0.824603847509,0.644063960276,0,300.0
1,congruent,1050,2,694,rightCongruent.jpg,101,right,1680,-0.0683778256392,-0.0410638538119,0,300.0
1,congruent,1050,1,674,leftCongruent.jpg,101,left,1680,-0.165972447757,-0.138069115357,0,260.0
1,congruent,1050,2,684,rightCongruent.jpg,101,right,1680,-0.0405888935977,-0.0315995526335,0,300.0
1,incongruent,1050,1,871,leftIncongruent.jpg,101,left,1680,-0.173609026363,-0.172723180924,0,460.0
1,congruent,1050,1,719,leftCongruent.jpg,101,left,1680,0.146962128141,-0.0142502676036,0,300.0
1,congruent,1050,2,809,rightCongruent.jpg,101,right,1680,0.103718316429,0.0785410211138,0,320.0
1,congruent,1050,1,532,leftCongruent.jpg,101,left,1680,-0.153572482621,-0.166571828599,0,120.0
1,incongruent,1050,2,798,rightIncongruent.jpg,101,right,1680,0.547780938095,0.705242165075,0,300.0
1,incongruent,1050,2,958,rightIncongruent.jpg,101,right,1680,-0.130417685871,-0.0961122700026,0,400.0
1,congruent,1050,1,778,leftCongruent.jpg,101,left,1680,-0.21947619199,-0.219651267399,0,300.0
1,congruent,1050,2,789,rightCongruent.jpg,101,right,1680,0.0697816316624,0.0458539749744,0,300.0
1,congruent,1050,2,650,rightCongruent.jpg,101,right,1680,0.342631263153,0.351700837794,0,140.0
1,incongruent,1050,1,702,leftIncongruent.jpg,101,left,1680,0.101566718415,0.0973267242373,0,280.0
1,incongruent,1050,2,791,rightIncongruent.jpg,101,right,1680,0.475971356869,0.443282217774,0,300.0
1,congruent,1050,1,728,leftCongruent.jpg,101,left,1680,-0.247125445233,-0.278954426594,0,300.0
1,incongruent,1050,2,931,rightIncongruent.jpg,101,right,1680,0.160769708431,0.0354249603266,0,420.0
1,congruent,1050,2,808,rightCongruent.jpg,101,right,1680,-0.10010709116,-0.0980751875132,0,360.0
1,incongruent,1050,2,837,rightIncongruent.jpg,101,right,1680,0.142467832953,0.162916430695,0,360.0
1,congruent,1050,1,998,leftCongruent.jpg,101,left,1680,-0.228184868786,-0.245473687904,0,300.0
1,incongruent,1050,1,759,leftIncongruent.jpg,101,left,1680,0.27948678311,0.19976838329,0,240.0
1,incongruent,1050,2,679,rightIncongruent.jpg,101,right,1680,0.195959272524,0.146085278945,0,240.0
1,incongruent,1050,1,798,leftIncongruent.jpg,101,left,1680,0.280903630197,0.243866598092,0,260.0
1,incongruent,1050,1,726,leftIncongruent.jpg,101,left,1680,0.522778539599,0.492348413804,0,280.0
1,incongruent,1050,1,684,leftIncongruent.jpg,101,left,1680,0.326511547608,0.131558308784,0,100.0
1,congruent,1050,1,782,leftCongruent.jpg,101,left,1680,-0.258857495525,-0.337614094352,0,320.0
1,incongruent,1050,2,735,rightIncongruent.jpg,101,right,1680,0.114243023519,-0.0108551033956,0,340.0
1,incongruent,1050,2,859,rightIncongruent.jpg,101,right,1680,-0.0884346749292,-0.0760137612515,0,420.0
1,incongruent,1050,2,1077,rightIncongruent.jpg,101,right,1680,0.649258540575,0.2881981085,1,60.0
1,congruent,1050,1,768,leftCongruent.jpg,101,left,1680,-0.159012322723,-0.0227018545296,0,220.0
1,incongruent,1050,2,938,rightIncongruent.jpg,101,right,1680,0.503745729346,0.573342257955,1,300.0
1,incongruent,1050,1,823,leftIncongruent.jpg,101,left,1680,-0.145068755598,-0.104881503683,0,360.0
1,incongruent,1050,1,1051,leftIncongruent.jpg,101,left,1680,0.624520615433,0.347394324193,0,440.0
1,congruent,1050,1,785,leftCongruent.jpg,101,left,1680,-0.138462348027,-0.169956309695,0,320.0
1,incongruent,1050,1,943,leftIncongruent.jpg,101,left,1680,-0.097660889866,-0.0433637053724,0,380.0
1,incongruent,1050,1,855,leftIncongruent.jpg,101,left,1680,0.0767653188491,0.0298110025859,0,360.0
1,congruent,1050,1,769,leftCongruent.jpg,101,left,1680,0.1036890855,0.0526079145097,0,280.0
1,congruent,1050,2,887,rightCongruent.jpg,101,right,1680,-0.140976262496,-0.118264536991,0,380.0
1,incongruent,1050,1,904,leftIncongruent.jpg,101,left,1680,-0.129108028331,-0.112881907512,0,420.0
1,incongruent,1050,2,881,rightIncongruent.jpg,101,right,1680,-0.140940131297,-0.0588257372861,0,320.0
1,congruent,1050,2,800,rightCongruent.jpg,101,right,1680,-0.136446284492,-0.123951899358,0,320.0
1,incongruent,1050,2,973,rightIncongruent.jpg,101,right,1680,0.610271331051,0.432983364537,0,320.0
1,incongruent,1050,2,844,rightIncongruent.jpg,101,right,1680,0.676393200187,0.493166799782,1,300.0
1,incongruent,1050,1,1002,leftIncongruent.jpg,101,left,1680,0.928767964936,0.802351836187,0,320.0
1,congruent,1050,2,797,rightCongruent.jpg,101,right,1680,-0.138218287327,-0.133553783848,0,360.0
1,congruent,1050,2,686,rightCongruent.jpg,101,right,1680,0.347652122038,0.196575772276,0,120.0
1,incongruent,1050,2,719,rightIncongruent.jpg,101,right,1680,1.16145083867,0.932253223604,0,60.0
1,congruent,1050,2,582,rightCongruent.jpg,101,right,1680,0.0301511362537,-0.00645591977571,0,220.0
1,incongruent,1050,1,853,leftIncongruent.jpg,101,left,1680,0.383013820464,0.388093445302,0,120.0
1,incongruent,1050,1,804,leftIncongruent.jpg,101,left,1680,0.177690335597,0.0955431677733,0,300.0
1,incongruent,1050,2,745,rightIncongruent.jpg,101,right,1680,0.780826217986,0.621454998316,0,120.0
1,incongruent,1050,2,894,rightIncongruent.jpg,101,right,1680,0.280442107313,0.191154151881,0,240.0
1,incongruent,1050,1,819,leftIncongruent.jpg,101,left,1680,-0.294549878178,-0.36940876297,0,340.0
1,congruent,1050,1,657,leftCongruent.jpg,101,left,1680,-0.0597703993007,-0.0705078594798,0,240.0
1,congruent,1050,1,692,leftCongruent.jpg,101,left,1680,-0.0930662598145,-0.0994278315802,0,260.0
1,congruent,1050,1,633,leftCongruent.jpg,101,left,1680,-0.119744196355,-0.11302479208,0,260.0
1,congruent,1050,2,669,rightCongruent.jpg,101,right,1680,-0.0976994587988,-0.0751048728877,0,300.0
1,incongruent,1050,1,716,leftIncongruent.jpg,101,left,1680,-0.152614730838,-0.0407611123128,0,240.0
1,congruent,1050,1,656,leftCongruent.jpg,101,left,1680,-0.070777558803,-0.079793945,0,280.0
1,incongruent,1050,1,730,leftIncongruent.jpg,101,left,1680,0.324731855581,0.122603320091,0,300.0
1,incongruent,1050,2,724,rightIncongruent.jpg,101,right,1680,0.626920441165,0.465565124945,1,260.0
1,incongruent,1050,1,765,leftIncongruent.jpg,101,left,1680,0.0676272180536,0.0445972557679,0,240.0
1,congruent,1050,2,805,rightCongruent.jpg,101,right,1680,-0.240938884901,-0.206540119756,0,260.0
1,congruent,1050,2,702,rightCongruent.jpg,101,right,1680,0.0297066096266,0.0186170496735,0,300.0
1,incongruent,1050,2,847,rightIncongruent.jpg,101,right,1680,0.434626244637,0.464606657516,0,300.0
1,incongruent,1050,2,990,rightIncongruent.jpg,101,right,1680,0.975320343736,0.911383229475,0,280.0
1,incongruent,1050,2,758,rightIncongruent.jpg,101,right,1680,0.633069695021,0.549145526524,0,280.0
1,congruent,1050,1,829,leftCongruent.jpg,101,left,1680,-0.189872912831,-0.168988554858,0,300.0
1,congruent,1050,1,815,leftCongruent.jpg,101,left,1680,0.321394022096,0.456953205372,0,380.0
1,incongruent,1050,1,1003,leftIncongruent.jpg,101,left,1680,0.31929618504,0.346907028919,0,320.0
1,congruent,1050,1,660,leftCongruent.jpg,101,left,1680,-0.073400692562,-0.0637295502064,0,240.0
1,congruent,1050,1,788,leftCongruent.jpg,101,left,1680,-0.192506857192,-0.239997876971,0,260.0
1,congruent,1050,1,892,leftCongruent.jpg,101,left,1680,0.124838820626,0.148171908103,0,220.0
1,congruent,1050,2,1021,rightCongruent.jpg,101,right,1680,0.542061735074,0.491803845254,1,340.0
1,incongruent,1050,1,1070,leftIncongruent.jpg,101,left,1680,0.478292080816,0.577489237728,0,280.0
1,congruent,1050,2,876,rightCongruent.jpg,101,right,1680,-0.154966319264,-0.158657314849,0,220.0
1,congruent,1050,2,847,rightCongruent.jpg,101,right,1680,-0.130933980469,-0.0128069321487,0,280.0
1,incongruent,1050,1,1193,leftIncongruent.jpg,101,left,1680,0.540601626606,0.625697425829,1,320.0
1,incongruent,1050,1,651,leftIncongruent.jpg,101,left,1680,0.349990505096,0.502993058999,1,180.0
1,incongruent,1050,1,781,leftIncongruent.jpg,101,left,1680,0.300388391802,0.132539912613,2,160.0
1,congruent,1050,1,624,leftCongruent.jpg,101,left,1680,-0.0581861279421,-0.0492597850931,0,140.0
1,congruent,1050,2,596,rightCongruent.jpg,101,right,1680,0.452943024004,0.263331183975,0,80.0
1,incongruent,1050,1,839,leftIncongruent.jpg,101,left,1680,0.233374946122,0.188605586963,0,340.0
1,congruent,1050,1,759,leftCongruent.jpg,101,left,1680,-0.0887523357919,-0.0627610857147,0,300.0
1,incongruent,1050,2,816,rightIncongruent.jpg,101,right,1680,1.16583752451,1.18084722516,0,160.0
1,congruent,1050,1,735,leftCongruent.jpg,101,left,1680,-0.109818402819,-0.0963561312382,0,320.0
1,incongruent,1050,1,798,leftIncongruent.jpg,101,left,1680,0.0995492774774,0.0923845423947,0,320.0
1,congruent,1050,1,710,leftCongruent.jpg,101,left,1680,-0.1222623146,-0.11201199897,0,280.0
1,incongruent,1050,1,813,leftIncongruent.jpg,101,left,1680,0.159456278992,0.133693850325,0,220.0
1,incongruent,1050,2,950,rightIncongruent.jpg,101,right,1680,0.147094153903,0.12551950799,0,340.0
1,incongruent,1050,2,949,rightIncongruent.jpg,101,right,1680,1.07311354925,0.904134231678,1,160.0
1,congruent,1050,2,836,rightCongruent.jpg,101,right,1680,0.134181369257,-0.00163382388225,0,220.0
1,congruent,1050,1,760,leftCongruent.jpg,101,left,1680,-0.0641547115569,-0.0656337096684,0,280.0
1,incongruent,1050,2,878,rightIncongruent.jpg,101,right,1680,0.217927556283,-0.0484100806963,0,360.0
1,congruent,1050,2,739,rightCongruent.jpg,101,right,1680,-0.13882153932,-0.0878629127423,0,220.0
1,congruent,1050,2,718,rightCongruent.jpg,101,right,1680,-0.123209530113,-0.083182585997,0,220.0
1,incongruent,1050,2,844,rightIncongruent.jpg,101,right,1680,0.642215092307,0.524950640305,0,260.0
1,congruent,1050,2,1022,rightCongruent.jpg,101,right,1680,-0.0844334280835,-0.0117782357165,0,340.0
1,congruent,1050,1,678,leftCongruent.jpg,101,left,1680,-0.228215021287,-0.242072276571,0,180.0
1,incongruent,1050,2,792,rightIncongruent.jpg,101,right,1680,0.104363964693,0.0634062220525,0,220.0
1,incongruent,1050,2,963,rightIncongruent.jpg,101,right,1680,1.0714464267,0.726595163435,1,100.0
1,congruent,1050,1,577,leftCongruent.jpg,101,left,1680,-0.108841179745,-0.115904550982,0,200.0
1,congruent,1050,1,595,leftCongruent.jpg,101,left,1680,0.136010595315,0.0886651246691,0,80.0
1,congruent,1050,1,689,leftCongruent.jpg,101,left,1680,-0.190796032189,-0.148367805277,0,60.0
1,incongruent,1050,1,1864,leftIncongruent.jpg,101,left,1680,1.50793582474,3.69221238637,2,180.0
1,congruent,1050,1,639,leftCongruent.jpg,101,left,1680,0.177561640937,0.0835283973915,0,220.0
1,incongruent,1050,2,669,rightIncongruent.jpg,101,right,1680,0.729227852756,0.599701819852,1,200.0
1,congruent,1050,1,596,leftCongruent.jpg,101,left,1680,-0.0694565100117,-0.0573372273765,0,240.0
1,congruent,1050,2,708,rightCongruent.jpg,101,right,1680,-0.168098992343,-0.135416927735,0,240.0
1,incongruent,1050,2,801,rightIncongruent.jpg,101,right,1680,0.179294088424,0.12952187733,0,300.0
1,congruent,1050,2,649,rightCongruent.jpg,101,right,1680,-0.128319454025,-0.117986573022,0,260.0
1,congruent,1050,1,623,leftCongruent.jpg,101,left,1680,0.0388409140932,0.0403073405647,0,260.0
1,congruent,1050,2,776,rightCongruent.jpg,101,right,1680,-0.406675688623,-0.47066406941,0,320.0
1,congruent,1050,1,648,leftCongruent.jpg,101,left,1680,-0.0459927298378,-0.0456944050639,0,280.0
1,incongruent,1050,1,924,leftIncongruent.jpg,101,left,1680,1.26720218651,1.13309601453,1,200.0
1,incongruent,1050,1,776,leftIncongruent.jpg,101,left,1680,0.498660144467,0.250058638708,0,260.0
1,congruent,1050,1,657,leftCongruent.jpg,101,left,1680,-0.12598400741,-0.140646711909,0,260.0
1,incongruent,1050,1,768,leftIncongruent.jpg,101,left,1680,1.05208770869,0.882219347512,0,260.0
1,incongruent,1050,2,930,rightIncongruent.jpg,101,right,1680,1.6186331501,1.60742464278,1,260.0
1,congruent,1050,2,757,rightCongruent.jpg,101,right,1680,0.0781058782339,-0.0296492490764,0,320.0
1,incongruent,1050,2,799,rightIncongruent.jpg,101,right,1680,0.983828770301,0.702455535314,0,160.0
1,incongruent,1050,1,935,leftIncongruent.jpg,101,left,1680,0.409954452905,0.51329925394,0,260.0
1,congruent,1050,2,839,rightCongruent.jpg,101,right,1680,-0.334742771079,-0.267206329621,0,280.0
1,incongruent,1050,2,743,rightIncongruent.jpg,101,right,1680,0.354942985868,0.330051194783,0,280.0
1,incongruent,1050,2,728,rightIncongruent.jpg,101,right,1680,0.184904315077,0.131773648478,0,280.0
1,congruent,1050,2,811,rightCongruent.jpg,101,right,1680,-0.14583644367,-0.15653857615,0,380.0
1,incongruent,1050,2,726,rightIncongruent.jpg,101,right,1680,0.340321098033,0.268680577274,0,260.0
1,incongruent,1050,2,765,rightIncongruent.jpg,101,right,1680,0.06730178225,0.0509162391083,0,320.0
1,congruent,1050,2,880,rightCongruent.jpg,101,right,1680,-0.0906720706288,-0.061937516146,0,300.0
1,incongruent,1050,1,934,leftIncongruent.jpg,101,left,1680,0.434189149406,0.572621276536,0,300.0
1,congruent,1050,2,926,rightCongruent.jpg,101,right,1680,-0.303344320325,-0.396964926649,0,340.0
1,congruent,1050,1,1039,leftCongruent.jpg,101,left,1680,0.0585250223481,0.0465263273701,0,220.0
1,incongruent,1050,1,1046,leftIncongruent.jpg,101,left,1680,0.692124636737,0.570982725081,1,280.0
1,incongruent,1050,2,932,rightIncongruent.jpg,101,right,1680,0.342348475326,0.0841088315855,0,240.0
1,congruent,1050,2,779,rightCongruent.jpg,101,right,1680,-0.0924562168345,-0.025202921297,0,260.0
1,incongruent,1050,1,793,leftIncongruent.jpg,101,left,1680,0.188649208861,0.0700061760871,0,300.0
1,congruent,1050,1,712,leftCongruent.jpg,101,left,1680,0.0631336403845,-0.00755675070629,0,260.0
1,incongruent,1050,1,829,leftIncongruent.jpg,101,left,1680,0.141998413356,0.114074054503,0,280.0
1,incongruent,1050,2,1214,rightIncongruent.jpg,101,right,1680,0.408393764603,0.492898145452,1,240.0
1,congruent,1050,2,1015,rightCongruent.jpg,101,right,1680,0.110072987357,0.0374954935569,0,200.0
1,incongruent,1050,1,676,leftIncongruent.jpg,101,left,1680,0.267211191652,0.33278997322,0,260.0
1,congruent,1050,1,688,leftCongruent.jpg,101,left,1680,0.123184729165,0.1458496978,0,340.0
1,incongruent,1050,1,694,leftIncongruent.jpg,101,left,1680,0.10993981572,0.00404197082265,0,280.0
1,congruent,1050,1,655,leftCongruent.jpg,101,left,1680,-0.151677590326,-0.0969094183384,1,240.0
1,congruent,1050,1,718,leftCongruent.jpg,101,left,1680,-0.215132117317,-0.121969741917,0,240.0
1,incongruent,1050,2,865,rightIncongruent.jpg,101,right,1680,0.53911568928,0.578395972009,1,300.0
1,incongruent,1050,1,958,leftIncongruent.jpg,101,left,1680,-0.345685654147,-0.219770306248,1,320.0
1,congruent,1050,2,885,rightCongruent.jpg,101,right,1680,-0.250779956934,-0.23320433708,0,300.0
1,incongruent,1050,2,1075,rightIncongruent.jpg,101,right,1680,1.12339389721,0.692131909882,0,200.0
1,congruent,1050,2,816,rightCongruent.jpg,101,right,1680,-0.0976002607915,-0.0414495047102,0,280.0
1,incongruent,1050,1,699,leftIncongruent.jpg,101,left,1680,0.0312308593392,0.0246556363735,0,300.0
1,incongruent,1050,1,712,leftIncongruent.jpg,101,left,1680,0.219517668944,0.252149640804,0,200.0
1,incongruent,1050,2,808,rightIncongruent.jpg,101,right,1680,0.893093798558,0.87792548705,1,220.0
1,incongruent,1050,2,749,rightIncongruent.jpg,101,right,1680,0.967688100182,0.854422639636,0,180.0
1,incongruent,1050,1,784,leftIncongruent.jpg,101,left,1680,0.109604691159,0.0138824454264,0,300.0
1,congruent,1050,2,703,rightCongruent.jpg,101,right,1680,-0.0723971591826,-0.0441644986973,0,260.0
1,congruent,1050,1,687,leftCongruent.jpg,101,left,1680,-0.0407537964333,-0.0459160566026,0,300.0
1,congruent,1050,2,735,rightCongruent.jpg,101,right,1680,-0.109933238004,-0.0884197402544,0,240.0
1,congruent,1050,1,648,leftCongruent.jpg,101,left,1680,-0.0787544707016,-0.0710186455778,0,180.0
1,congruent,1050,1,706,leftCongruent.jpg,101,left,1680,0.179181821628,0.093944807344,0,260.0
1,congruent,1050,2,741,rightCongruent.jpg,101,right,1680,0.808407295824,0.670689814261,0,60.0
1,congruent,1050,2,1093,rightCongruent.jpg,101,right,1680,1.04894909457,0.792769475143,0,40.0
1,congruent,1050,2,733,rightCongruent.jpg,101,right,1680,0.831979444209,0.71313508229,0,140.0
1,congruent,1050,1,769,leftCongruent.jpg,101,left,1680,0.458124486803,0.572226809929,0,220.0
1,incongruent,1050,2,879,rightIncongruent.jpg,101,right,1680,1.15741689384,0.844468970764,0,120.0
1,incongruent,1050,1,821,leftIncongruent.jpg,101,left,1680,1.03124966491,1.65230846029,1,300.0
1,congruent,1050,2,612,rightCongruent.jpg,101,right,1680,0.196083348523,-0.00842034904502,0,220.0
1,congruent,1050,1,680,leftCongruent.jpg,101,left,1680,-0.078659582356,-0.0387970022629,0,260.0
1,incongruent,1050,1,726,leftIncongruent.jpg,101,left,1680,1.01264299599,0.900499187128,0,160.0
1,congruent,1050,2,702,rightCongruent.jpg,101,right,1680,0.113076252317,0.0944493690097,0,240.0
1,incongruent,1050,1,793,leftIncongruent.jpg,101,left,1680,0.103278470919,0.0537077099873,0,260.0
1,congruent,1050,1,687,leftCongruent.jpg,101,left,1680,0.0453193835901,0.0184939452483,0,260.0
1,incongruent,1050,2,753,rightIncongruent.jpg,101,right,1680,0.674094892553,0.602238264017,0,240.0
1,congruent,1050,2,822,rightCongruent.jpg,101,right,1680,0.289924187936,0.291397158456,0,160.0
1,incongruent,1050,1,1032,leftIncongruent.jpg,101,left,1680,-0.17798552971,-0.0341202048319,0,320.0
1,incongruent,1050,2,1310,rightIncongruent.jpg,101,right,1680,0.153940708879,0.00615720457206,0,280.0
1,incongruent,1050,2,832,rightIncongruent.jpg,101,right,1680,0.0942483063926,0.0408102155833,0,280.0
1,incongruent,1050,2,823,rightIncongruent.jpg,101,right,1680,-0.373364240688,-0.24672686178,2,40.0
1,incongruent,1050,2,725,rightIncongruent.jpg,101,right,1680,1.19703769276,0.950626023389,0,60.0
1,congruent,1050,1,718,leftCongruent.jpg,101,left,1680,0.322119985804,0.288842916246,0,200.0
1,congruent,1050,2,761,rightCongruent.jpg,101,right,1680,-0.176372609411,-0.115137645841,0,60.0
1,incongruent,1050,1,723,leftIncongruent.jpg,101,left,1680,1.4232819585,0.604673702425,2,40.0
1,congruent,1050,2,757,rightCongruent.jpg,101,right,1680,-0.0629020988015,-0.0322496797286,0,220.0
1,incongruent,1050,2,775,rightIncongruent.jpg,101,right,1680,1.02549119484,1.05589986346,0,260.0
1,incongruent,1050,1,1046,leftIncongruent.jpg,101,left,1680,0.519135752973,0.507720694472,0,300.0
1,congruent,1050,1,765,leftCongruent.jpg,101,left,1680,0.0547758258957,0.016802473631,0,280.0
1,congruent,1050,2,802,rightCongruent.jpg,101,right,1680,-0.28118025258,-0.281314046962,0,280.0
1,congruent,1050,2,743,rightCongruent.jpg,101,right,1680,-0.0906795199543,-0.0733741522622,0,320.0
1,congruent,1050,1,702,leftCongruent.jpg,101,left,1680,0.0363919376101,0.0287218895514,0,280.0
1,incongruent,1050,2,1311,rightIncongruent.jpg,101,right,1680,-0.351814157589,-0.511671533383,0,800.0
1,incongruent,1050,2,1085,rightIncongruent.jpg,101,right,1680,1.00502183618,1.08362042348,1,240.0
1,incongruent,1050,2,728,rightIncongruent.jpg,101,right,1680,0.966448493745,1.05668569991,0,200.0
1,congruent,1050,1,647,leftCongruent.jpg,101,left,1680,-0.0986278677603,-0.0660155302759,0,260.0
1,incongruent,1050,1,958,leftIncongruent.jpg,101,left,1680,1.55608334916,1.11985142562,0,200.0
1,congruent,1050,1,1108,leftCongruent.jpg,101,left,1680,-0.603423852859,-0.413937619023,0,260.0
1,incongruent,1050,1,672,leftIncongruent.jpg,101,left,1680,0.417055609271,0.461459799817,0,280.0
1,congruent,1050,1,613,leftCongruent.jpg,101,left,1680,0.0550933419362,0.0665707270813,0,220.0
1,incongruent,1050,2,774,rightIncongruent.jpg,101,right,1680,0.849192031659,1.01276948243,1,220.0
1,congruent,1050,2,813,rightCongruent.jpg,101,right,1680,0.0817117937768,0.057416398315,0,180.0
1,congruent,1050,2,760,rightCongruent.jpg,101,right,1680,-0.210663696996,-0.213144702272,0,320.0
1,congruent,1050,1,671,leftCongruent.jpg,101,left,1680,-0.079528811863,-0.0155726762064,0,300.0
1,incongruent,1050,2,708,rightIncongruent.jpg,101,right,1680,-0.395491870074,-0.147200251164,0,160.0
1,incongruent,1050,2,1365,rightIncongruent.jpg,101,right,1680,1.30627231382,0.999436000045,1,180.0
1,congruent,1050,2,649,rightCongruent.jpg,101,right,1680,-0.0352685610093,-0.0300951950242,0,280.0
1,congruent,1050,1,643,leftCongruent.jpg,101,left,1680,0.153498115508,0.131806844026,0,240.0
1,congruent,1050,1,670,leftCongruent.jpg,101,left,1680,0.225778637347,0.227723513146,0,280.0
1,incongruent,1050,2,721,rightIncongruent.jpg,101,right,1680,0.415584696045,0.434241455408,0,260.0
1,congruent,1050,1,760,leftCongruent.jpg,101,left,1680,-0.13846076454,-0.104373687712,0,280.0
1,incongruent,1050,1,787,leftIncongruent.jpg,101,left,1680,0.204906101445,0.259955612778,0,300.0
1,incongruent,1050,1,705,leftIncongruent.jpg,101,left,1680,0.477227772416,0.427871319935,0,240.0
1,incongruent,1050,2,742,rightIncongruent.jpg,101,right,1680,0.395127651422,0.226166385382,0,300.0
1,incongruent,1050,1,750,leftIncongruent.jpg,101,left,1680,-0.191570879672,-0.150870285449,0,320.0
1,incongruent,1050,2,681,rightIncongruent.jpg,101,right,1680,0.472723784754,0.389610891224,0,240.0
1,congruent,1050,2,771,rightCongruent.jpg,101,right,1680,-0.0647051912644,-0.0583698091229,0,300.0
1,congruent,1050,2,582,rightCongruent.jpg,101,right,1680,0.084715624029,0.0195374103929,0,60.0
1,incongruent,1050,1,992,leftIncongruent.jpg,101,left,1680,0.439262785409,0.621432467552,1,280.0
1,congruent,1050,1,625,leftCongruent.jpg,101,left,1680,0.194059749046,0.23569663847,0,220.0
1,incongruent,1050,2,1438,rightIncongruent.jpg,101,right,1680,0.249981932987,0.238564435564,1,260.0
1,incongruent,1050,1,1141,leftIncongruent.jpg,101,left,1680,0.184859531965,0.131282505835,1,280.0
1,incongruent,1050,1,818,leftIncongruent.jpg,101,left,1680,-0.0943588051309,-0.0970387343721,0,400.0
1,incongruent,1050,2,752,rightIncongruent.jpg,101,right,1680,0.352907078708,0.402160555036,0,260.0
1,incongruent,1050,1,778,leftIncongruent.jpg,101,left,1680,0.121870696401,0.0630863047897,0,340.0
1,congruent,1050,2,777,rightCongruent.jpg,101,right,1680,-0.18498941861,-0.19577953004,0,320.0
1,congruent,1050,1,649,leftCongruent.jpg,101,left,1680,-0.0650647998206,-0.0367570363586,0,240.0
1,incongruent,1050,2,894,rightIncongruent.jpg,101,right,1680,-0.142627273964,-0.10045416252,0,340.0
1,incongruent,1050,1,1104,leftIncongruent.jpg,101,left,1680,1.46004784144,1.49771405257,1,340.0
1,incongruent,1050,2,718,rightIncongruent.jpg,101,right,1680,0.0912869498812,0.0318973812438,0,280.0
1,congruent,1050,2,774,rightCongruent.jpg,101,right,1680,0.0757588303768,-0.003949053363,0,300.0
1,incongruent,1050,1,765,leftIncongruent.jpg,101,left,1680,0.0892528552269,0.0720480824918,0,360.0
1,incongruent,1050,1,736,leftIncongruent.jpg,101,left,1680,0.0633359037229,0.0608305593551,0,340.0
1,incongruent,1050,1,785,leftIncongruent.jpg,101,left,1680,-0.197387947481,-0.186073508255,0,300.0
1,congruent,1050,1,734,leftCongruent.jpg,101,left,1680,-0.0212076648306,0.00187262238366,0,220.0
1,congruent,1050,1,1207,leftCongruent.jpg,101,left,1680,-0.123027726586,-0.125380058943,0,320.0
1,congruent,1050,2,645,rightCongruent.jpg,101,right,1680,0.275066273799,0.238063102322,0,120.0
1,congruent,1050,2,671,rightCongruent.jpg,101,right,1680,0.337326508122,0.468464493474,0,140.0
1,congruent,1050,2,702,rightCongruent.jpg,101,right,1680,0.362227843027,0.332117259705,0,180.0
1,incongruent,1050,1,719,leftIncongruent.jpg,101,left,1680,0.137080231745,0.100295832845,0,280.0
1,incongruent,1050,2,1217,rightIncongruent.jpg,101,right,1680,0.329811485595,0.283541457053,0,40.0
1,congruent,1050,2,816,rightCongruent.jpg,101,right,1680,0.584326922877,0.391851344459,0,100.0
0,incongruent,1050,1,645,rightIncongruent.jpg,101,right,1680,0.330209145591,0.437614810276,1,100.0
1,incongruent,1050,2,775,rightIncongruent.jpg,101,right,1680,0.748221138698,0.805874079921,0,260.0
1,congruent,1050,1,734,leftCongruent.jpg,101,left,1680,0.301170314262,0.265181300714,0,240.0
1,congruent,1050,1,662,leftCongruent.jpg,101,left,1680,0.116465975288,0.0868487304187,0,220.0
1,congruent,1050,1,814,leftCongruent.jpg,101,left,1680,0.157951252917,0.164744523307,0,260.0
1,incongruent,1050,2,815,rightIncongruent.jpg,101,right,1680,1.13437940147,0.889563003118,1,140.0
1,incongruent,1050,2,715,rightIncongruent.jpg,101,right,1680,0.305702961382,0.290896929459,0,240.0
1,congruent,1050,2,753,rightCongruent.jpg,101,right,1680,-0.0466858357814,-0.0380618299641,0,300.0
1,congruent,1050,1,767,leftCongruent.jpg,101,left,1680,-0.0794905620568,-0.00553947900864,0,300.0
1,incongruent,1050,2,807,rightIncongruent.jpg,101,right,1680,-0.293086881178,-0.230847674098,0,260.0
1,incongruent,1050,2,718,rightIncongruent.jpg,101,right,1680,0.87131777148,0.583446174823,0,120.0
1,congruent,1050,1,666,leftCongruent.jpg,101,left,1680,0.146568083048,0.165386640932,0,300.0
1,congruent,1050,1,790,leftCongruent.jpg,101,left,1680,0.0891771123823,0.10270016579,0,200.0
1,congruent,1050,2,682,rightCongruent.jpg,101,right,1680,-0.1612864863,-0.161808452291,0,240.0
1,congruent,1050,2,738,rightCongruent.jpg,101,right,1680,-0.0964457310312,-0.12136442826,0,300.0
1,incongruent,1050,1,671,leftIncongruent.jpg,101,left,1680,0.391782965828,0.427054603906,0,220.0
1,incongruent,1050,2,813,rightIncongruent.jpg,101,right,1680,0.294322741207,0.252500553184,1,160.0
1,congruent,1050,1,840,leftCongruent.jpg,101,left,1680,-0.189517866387,-0.228882856041,0,120.0
1,incongruent,1050,1,808,leftIncongruent.jpg,101,left,1680,1.12702947318,0.989116975636,0,220.0
1,incongruent,1050,1,776,leftIncongruent.jpg,101,left,1680,0.581560229261,0.762043898842,0,240.0
1,congruent,1050,1,752,leftCongruent.jpg,101,left,1680,0.326392642549,0.298511268365,0,300.0
1,congruent,1050,2,700,rightCongruent.jpg,101,right,1680,0.0923735757705,0.0562175816946,0,120.0
1,congruent,1050,2,840,rightCongruent.jpg,101,right,1680,-0.452989315361,-0.398301218567,0,320.0
1,congruent,1050,2,944,rightCongruent.jpg,101,right,1680,0.118404235747,-0.00695772898895,0,340.0
1,incongruent,1050,1,1271,leftIncongruent.jpg,101,left,1680,0.599403233026,0.601431389864,3,220.0
1,congruent,1050,1,579,leftCongruent.jpg,101,left,1680,0.091246611044,0.0811548930062,0,200.0
1,incongruent,1050,1,767,leftIncongruent.jpg,101,left,1680,0.134792810237,0.0431160360889,0,240.0
1,incongruent,1050,1,828,leftIncongruent.jpg,101,left,1680,0.700743200857,0.701396575981,0,240.0
1,congruent,1050,2,717,rightCongruent.jpg,101,right,1680,-0.156270431902,-0.127062845145,0,240.0
1,congruent,1050,2,697,rightCongruent.jpg,101,right,1680,0.242698492437,0.119272358641,0,60.0
1,incongruent,1050,1,597,leftIncongruent.jpg,101,left,1680,0.23912891526,0.209122669967,0,120.0
1,congruent,1050,2,638,rightCongruent.jpg,101,right,1680,0.112941560158,0.0655083499339,0,220.0
1,incongruent,1050,2,840,rightIncongruent.jpg,101,right,1680,0.817666501442,0.88210705382,0,260.0
1,incongruent,1050,1,775,leftIncongruent.jpg,101,left,1680,0.597350184864,0.392519699322,1,160.0
1,congruent,1050,1,826,leftCongruent.jpg,101,left,1680,-0.1559811746,-0.0632076054783,0,280.0
1,incongruent,1050,1,657,leftIncongruent.jpg,101,left,1680,0.757266456971,0.598849418605,0,120.0
1,congruent,1050,2,720,rightCongruent.jpg,101,right,1680,-0.0592050497244,-0.0639707783655,0,340.0
1,congruent,1050,1,686,leftCongruent.jpg,101,left,1680,-0.150736911033,-0.186235499696,0,240.0
1,incongruent,1050,2,944,rightIncongruent.jpg,102,right,1680,1.10330952605,1.45799152631,1,360.0
1,congruent,1050,2,1316,rightCongruent.jpg,102,right,1680,-0.343251545576,-0.208574098558,1,80.0
1,incongruent,1050,2,1473,rightIncongruent.jpg,102,right,1680,0.80798199214,0.694090715916,1,360.0
1,congruent,1050,2,869,rightCongruent.jpg,102,right,1680,-0.142276058812,-0.00786996914425,0,80.0
1,congruent,1050,1,1040,leftCongruent.jpg,102,left,1680,-0.291131398174,-0.165283670433,0,320.0
1,incongruent,1050,2,1362,rightIncongruent.jpg,102,right,1680,0.33352050607,0.374939620309,2,200.0
1,incongruent,1050,2,1160,rightIncongruent.jpg,102,right,1680,0.994348352686,0.720711089573,1,260.0
1,incongruent,1050,1,739,leftIncongruent.jpg,102,left,1680,-0.104879848032,-0.0823103004172,0,300.0
1,incongruent,1050,1,1342,leftIncongruent.jpg,102,left,1680,-0.28625705806,-0.156579839626,1,300.0
1,congruent,1050,1,951,leftCongruent.jpg,102,left,1680,-0.088712283597,-0.050981685129,0,320.0
1,incongruent,1050,2,1145,rightIncongruent.jpg,102,right,1680,0.225375062988,0.0629289841709,1,380.0
1,congruent,1050,2,946,rightCongruent.jpg,102,right,1680,-0.157394810679,-0.108724276113,0,320.0
1,congruent,1050,2,865,rightCongruent.jpg,102,right,1680,-0.266359475616,-0.26106543543,0,280.0
1,incongruent,1050,2,1516,rightIncongruent.jpg,102,right,1680,0.366320039449,0.572227517561,1,900.0
1,congruent,1050,1,2002,leftCongruent.jpg,102,left,1680,1.49720506588,0.414353558233,1,340.0
1,incongruent,1050,2,1456,rightIncongruent.jpg,102,right,1680,0.30783078301,0.160592320946,3,240.0
1,congruent,1050,2,870,rightCongruent.jpg,102,right,1680,-0.148075444911,-0.123110304116,0,340.0
1,incongruent,1050,2,964,rightIncongruent.jpg,102,right,1680,0.714080471659,0.555816848037,1,320.0
1,incongruent,1050,2,926,rightIncongruent.jpg,102,right,1680,0.809242846028,0.590638336375,1,320.0
1,incongruent,1050,1,1124,leftIncongruent.jpg,102,left,1680,0.855736104817,0.639867254622,1,300.0
1,incongruent,1050,1,1122,leftIncongruent.jpg,102,left,1680,0.929940899218,0.594619414582,1,260.0
1,congruent,1050,1,1567,leftCongruent.jpg,102,left,1680,-0.465391935226,0.165919614392,3,240.0
1,congruent,1050,1,1053,leftCongruent.jpg,102,left,1680,0.200758105237,0.264980341764,0,220.0
1,congruent,1050,1,847,leftCongruent.jpg,102,left,1680,0.0902217183598,0.0718876500789,0,300.0
1,congruent,1050,2,1255,rightCongruent.jpg,102,right,1680,-0.448348570384,-0.42688014131,0,340.0
1,congruent,1050,2,1031,rightCongruent.jpg,102,right,1680,-0.390164880982,-0.300536297916,0,340.0
1,incongruent,1050,1,930,leftIncongruent.jpg,102,left,1680,-0.406536891652,-0.069145017657,0,40.0
1,incongruent,1050,2,1281,rightIncongruent.jpg,102,right,1680,1.1536139845,0.974654140592,1,240.0
1,congruent,1050,1,1110,leftCongruent.jpg,102,left,1680,-0.185563500269,-0.207573730424,0,300.0
1,incongruent,1050,1,1454,leftIncongruent.jpg,102,left,1680,1.25214080511,0.90644481052,1,300.0
1,incongruent,1050,1,1414,leftIncongruent.jpg,102,left,1680,-0.182945304943,-0.123372318074,1,60.0
1,congruent,1050,2,991,rightCongruent.jpg,102,right,1680,-0.331954170389,-0.323129067838,0,340.0
1,incongruent,1050,1,1064,leftIncongruent.jpg,102,left,1680,0.751146036544,0.670883312188,1,340.0
1,incongruent,1050,2,1449,rightIncongruent.jpg,102,right,1680,0.370935932685,0.178013322661,1,200.0
1,incongruent,1050,1,1097,leftIncongruent.jpg,102,left,1680,0.193128455855,0.247392672412,0,360.0
1,incongruent,1050,2,1349,rightIncongruent.jpg,102,right,1680,0.596090197317,0.254112872558,1,320.0
1,incongruent,1050,1,1040,leftIncongruent.jpg,102,left,1680,0.233996075656,0.282942479727,0,100.0
1,incongruent,1050,1,1561,leftIncongruent.jpg,102,left,1680,0.287222562841,0.253687965092,1,380.0
1,congruent,1050,1,1728,leftCongruent.jpg,102,left,1680,-0.401992659457,-0.451181354076,0,420.0
1,incongruent,1050,2,1052,rightIncongruent.jpg,102,right,1680,0.294534815583,0.133328454092,1,360.0
1,congruent,1050,1,1178,leftCongruent.jpg,102,left,1680,0.35376438488,0.00859531930489,0,380.0
1,congruent,1050,1,891,leftCongruent.jpg,102,left,1680,-0.210488345393,-0.223082082073,0,340.0
1,congruent,1050,2,1073,rightCongruent.jpg,102,right,1680,-0.445953783862,-0.372680820566,0,360.0
1,congruent,1050,2,1127,rightCongruent.jpg,102,right,1680,-0.360547993429,-0.476796739402,0,340.0
1,incongruent,1050,2,895,rightIncongruent.jpg,102,right,1680,0.0504622343352,0.0131626917526,0,360.0
1,congruent,1050,1,2089,leftCongruent.jpg,102,left,1680,0.562663165417,0.715033975872,1,60.0
1,incongruent,1050,1,1088,leftIncongruent.jpg,102,left,1680,0.630383607106,0.434527259338,1,300.0
1,congruent,1050,1,919,leftCongruent.jpg,102,left,1680,-0.248535045822,-0.249397661029,0,260.0
1,incongruent,1050,1,1383,leftIncongruent.jpg,102,left,1680,1.14017003736,1.17555964172,0,200.0
1,incongruent,1050,2,1071,rightIncongruent.jpg,102,right,1680,0.953564787917,0.538701540083,1,80.0
1,incongruent,1050,1,1493,leftIncongruent.jpg,102,left,1680,0.208750782627,0.0953965531547,1,460.0
1,congruent,1050,1,1053,leftCongruent.jpg,102,left,1680,0.395004591274,0.175779604944,1,260.0
1,congruent,1050,1,1522,leftCongruent.jpg,102,left,1680,-0.43908005302,-0.444421021605,2,420.0
1,congruent,1050,2,1278,rightCongruent.jpg,102,right,1680,-0.235556936266,-0.13120319217,0,340.0
1,congruent,1050,1,962,leftCongruent.jpg,102,left,1680,0.216077049064,-0.0282006303949,0,300.0
1,incongruent,1050,1,1287,leftIncongruent.jpg,102,left,1680,0.409837215862,0.342483784441,1,400.0
1,congruent,1050,2,1229,rightCongruent.jpg,102,right,1680,0.070442712706,-0.00755697228069,0,440.0
1,incongruent,1050,2,1189,rightIncongruent.jpg,102,right,1680,0.797331246962,0.795078089787,0,360.0
1,incongruent,1050,1,1350,leftIncongruent.jpg,102,left,1680,-0.301731431994,-0.280031140692,2,480.0
1,congruent,1050,2,1312,rightCongruent.jpg,102,right,1680,-0.336166853298,-0.329962125179,0,460.0
1,incongruent,1050,1,1174,leftIncongruent.jpg,102,left,1680,-0.200637601277,-0.000271417735512,0,500.0
1,congruent,1050,2,1101,rightCongruent.jpg,102,right,1680,-0.341712382953,-0.312860595068,0,460.0
1,incongruent,1050,2,1243,rightIncongruent.jpg,102,right,1680,0.219124969401,0.190595049132,2,440.0
1,incongruent,1050,1,1166,leftIncongruent.jpg,102,left,1680,0.292937663713,0.208215750303,1,400.0
1,congruent,1050,1,1019,leftCongruent.jpg,102,left,1680,-0.154802858068,-0.0213150370259,0,300.0
1,incongruent,1050,2,1024,rightIncongruent.jpg,102,right,1680,0.969489317161,0.688017170353,1,320.0
1,congruent,1050,1,1007,leftCongruent.jpg,102,left,1680,-0.352516377193,-0.379448213798,0,300.0
1,congruent,1050,1,1094,leftCongruent.jpg,102,left,1680,-0.3853050603,-0.433958867068,0,400.0
1,congruent,1050,1,1920,leftCongruent.jpg,102,left,1680,-0.393413975923,-0.38241583751,0,320.0
1,incongruent,1050,1,1269,leftIncongruent.jpg,102,left,1680,0.695713112261,0.255820673384,1,320.0
1,incongruent,1050,1,1179,leftIncongruent.jpg,102,left,1680,0.78575390777,0.613154878071,1,240.0
1,incongruent,1050,1,1738,leftIncongruent.jpg,102,left,1680,0.785191656741,0.157000854696,1,320.0
1,congruent,1050,1,1249,leftCongruent.jpg,102,left,1680,-0.255192875459,-0.189948573519,0,160.0
1,congruent,1050,2,1015,rightCongruent.jpg,102,right,1680,-0.208214724166,-0.220436458521,0,320.0
1,incongruent,1050,2,1082,rightIncongruent.jpg,102,right,1680,0.464601524506,0.598637199173,0,280.0
1,incongruent,1050,2,1111,rightIncongruent.jpg,102,right,1680,0.189779173137,0.116554068239,0,300.0
1,congruent,1050,1,974,leftCongruent.jpg,102,left,1680,-0.157951627026,-0.172708755784,0,340.0
1,congruent,1050,1,1023,leftCongruent.jpg,102,left,1680,-0.136743414458,-0.116534495299,0,420.0
1,congruent,1050,2,1269,rightCongruent.jpg,102,right,1680,-0.104453878136,-0.00723625442768,0,300.0
1,congruent,1050,1,1080,leftCongruent.jpg,102,left,1680,0.166060036295,0.0241891659228,0,360.0
1,incongruent,1050,1,1247,leftIncongruent.jpg,102,left,1680,1.26145291441,1.30637519157,0,40.0
1,congruent,1050,2,1115,rightCongruent.jpg,102,right,1680,-0.205736529601,-0.0720107989747,0,260.0
1,incongruent,1050,2,1197,rightIncongruent.jpg,102,right,1680,0.935360449504,0.726329943631,1,280.0
1,congruent,1050,2,2070,rightCongruent.jpg,102,right,1680,0.383102591658,0.0437504458876,2,640.0
1,incongruent,1050,2,1151,rightIncongruent.jpg,102,right,1680,0.285921295394,0.263451441211,1,420.0
1,congruent,1050,2,962,rightCongruent.jpg,102,right,1680,-0.26285342603,-0.284785135197,0,400.0
1,incongruent,1050,2,1051,rightIncongruent.jpg,102,right,1680,1.25293210941,1.04327823203,1,340.0
1,incongruent,1050,2,997,rightIncongruent.jpg,102,right,1680,0.467932512483,0.398292473954,0,340.0
1,incongruent,1050,1,1165,leftIncongruent.jpg,102,left,1680,0.327628177198,0.242849719347,0,340.0
1,incongruent,1050,1,2065,leftIncongruent.jpg,102,left,1680,0.284534644823,0.175267183428,1,400.0
1,congruent,1050,1,1669,leftCongruent.jpg,102,left,1680,-0.170136266896,-0.116759788947,0,560.0
1,congruent,1050,2,1067,rightCongruent.jpg,102,right,1680,-0.464776623003,-0.325454790197,0,300.0
1,congruent,1050,2,967,rightCongruent.jpg,102,right,1680,-0.0978626537331,-0.0416881076513,0,380.0
1,congruent,1050,1,1044,leftCongruent.jpg,102,left,1680,-0.276127532135,-0.276453592277,0,420.0
1,congruent,1050,2,912,rightCongruent.jpg,102,right,1680,-0.258735385147,-0.276965791691,0,340.0
1,congruent,1050,2,816,rightCongruent.jpg,102,right,1680,0.187580224554,0.142140516652,0,280.0
1,incongruent,1050,1,1157,leftIncongruent.jpg,102,left,1680,0.492783818886,0.496932734603,1,340.0
1,incongruent,1050,2,1096,rightIncongruent.jpg,102,right,1680,0.328915416194,0.0993772534433,0,340.0
1,congruent,1050,2,1096,rightCongruent.jpg,102,right,1680,-0.112470396149,-0.0198253454449,0,360.0
1,congruent,1050,2,826,rightCongruent.jpg,102,right,1680,-0.164202949125,-0.115742950375,0,260.0
1,incongruent,1050,1,1183,leftIncongruent.jpg,102,left,1680,1.26379292933,0.996845996674,2,80.0
1,congruent,1050,2,1069,rightCongruent.jpg,102,right,1680,-0.320514912653,-0.200712388333,0,60.0
1,congruent,1050,2,1114,rightCongruent.jpg,102,right,1680,-0.57315993057,-0.515109364626,0,280.0
1,congruent,1050,1,1169,leftCongruent.jpg,102,left,1680,0.243051601708,0.0756361099087,1,100.0
1,incongruent,1050,2,848,rightIncongruent.jpg,102,right,1680,0.775221491916,0.00508747004359,1,60.0
1,congruent,1050,1,832,leftCongruent.jpg,102,left,1680,0.147651282057,0.181974376122,0,280.0
1,incongruent,1050,2,934,rightIncongruent.jpg,102,right,1680,0.128741791929,-0.00133237944325,0,360.0
1,congruent,1050,1,1036,leftCongruent.jpg,102,left,1680,0.111182187099,-0.0313594831842,0,400.0
1,congruent,1050,2,1017,rightCongruent.jpg,102,right,1680,-0.200181192978,-0.202667854507,0,320.0
1,incongruent,1050,2,1087,rightIncongruent.jpg,102,right,1680,1.32569740771,1.13459681993,0,320.0
1,incongruent,1050,2,934,rightIncongruent.jpg,102,right,1680,0.127673952994,0.0709293007227,0,320.0
1,congruent,1050,2,888,rightCongruent.jpg,102,right,1680,-0.332954687302,-0.286180483055,0,260.0
1,incongruent,1050,2,967,rightIncongruent.jpg,102,right,1680,0.387615042332,0.255304942402,0,320.0
1,incongruent,1050,2,1045,rightIncongruent.jpg,102,right,1680,-0.501907866669,-0.52560571364,0,200.0
1,congruent,1050,2,1016,rightCongruent.jpg,102,right,1680,-0.193337621727,-0.146936668801,0,300.0
1,congruent,1050,1,918,leftCongruent.jpg,102,left,1680,-0.131614653071,-0.0640421944176,0,320.0
1,incongruent,1050,1,1255,leftIncongruent.jpg,102,left,1680,0.541661988589,0.428866730945,2,400.0
1,incongruent,1050,2,1496,rightIncongruent.jpg,102,right,1680,0.158103148439,0.0374686496371,3,260.0
1,congruent,1050,2,877,rightCongruent.jpg,102,right,1680,-0.193848808337,-0.159901646512,0,300.0
1,incongruent,1050,2,1078,rightIncongruent.jpg,102,right,1680,0.187575723672,0.283064984383,0,440.0
1,congruent,1050,2,1034,rightCongruent.jpg,102,right,1680,0.331886864993,0.00298327800208,1,60.0
1,congruent,1050,2,1167,rightCongruent.jpg,102,right,1680,-0.470854171637,-0.296012163429,0,420.0
1,congruent,1050,2,1237,rightCongruent.jpg,102,right,1680,-0.298929093487,-0.153145849281,0,380.0
1,congruent,1050,2,1792,rightCongruent.jpg,102,right,1680,-0.305907277251,-0.166399503943,0,320.0
1,incongruent,1050,2,1076,rightIncongruent.jpg,102,right,1680,0.111021817112,0.0028410532051,1,400.0
1,congruent,1050,2,912,rightCongruent.jpg,102,right,1680,0.12506392594,0.0408370218131,0,280.0
1,incongruent,1050,1,1914,leftIncongruent.jpg,102,left,1680,0.5312872748,0.497595746305,1,360.0
1,congruent,1050,2,824,rightCongruent.jpg,102,right,1680,-0.0912444361618,-0.0785822640732,0,300.0
1,incongruent,1050,1,890,leftIncongruent.jpg,102,left,1680,0.32647104266,0.303641925141,0,360.0
1,congruent,1050,1,903,leftCongruent.jpg,102,left,1680,-0.108693804421,-0.136351321405,0,340.0
1,incongruent,1050,1,1014,leftIncongruent.jpg,102,left,1680,0.695418377088,0.552250813942,1,240.0
1,congruent,1050,1,929,leftCongruent.jpg,102,left,1680,-0.101668395957,-0.120073792416,0,320.0
1,congruent,1050,1,1158,leftCongruent.jpg,102,left,1680,-0.129776269676,-0.0741214739347,0,420.0
1,incongruent,1050,2,1109,rightIncongruent.jpg,102,right,1680,1.12656001465,0.720502144786,0,240.0
1,incongruent,1050,2,1026,rightIncongruent.jpg,102,right,1680,0.716123173496,0.514419132184,1,340.0
1,congruent,1050,1,908,leftCongruent.jpg,102,left,1680,0.125801168208,-0.0156878091217,0,300.0
1,incongruent,1050,1,1157,leftIncongruent.jpg,102,left,1680,1.06257820003,0.656388533628,0,360.0
1,congruent,1050,1,895,leftCongruent.jpg,102,left,1680,0.0777295382414,0.00649995766549,0,360.0
1,incongruent,1050,1,1182,leftIncongruent.jpg,102,left,1680,1.23295946185,0.850209074148,1,300.0
1,incongruent,1050,1,1249,leftIncongruent.jpg,102,left,1680,0.454796029909,0.332645394238,1,340.0
1,incongruent,1050,1,940,leftIncongruent.jpg,102,left,1680,0.0684525393981,0.0418562783695,0,340.0
1,congruent,1050,2,836,rightCongruent.jpg,102,right,1680,0.68893356555,0.620371859533,1,280.0
1,congruent,1050,1,1150,leftCongruent.jpg,102,left,1680,1.29667631043,0.851117366069,1,240.0
1,incongruent,1050,1,1261,leftIncongruent.jpg,102,left,1680,0.563938060637,0.507812084348,0,280.0
1,congruent,1050,1,955,leftCongruent.jpg,102,left,1680,-0.372716231189,-0.301672299502,0,100.0
1,incongruent,1050,2,946,rightIncongruent.jpg,102,right,1680,0.914538053274,0.771515796589,1,300.0
1,incongruent,1050,2,1070,rightIncongruent.jpg,102,right,1680,0.61074909395,0.625943083153,1,340.0
1,congruent,1050,1,974,leftCongruent.jpg,102,left,1680,0.215306874318,-0.0433799936227,0,340.0
1,incongruent,1050,2,1061,rightIncongruent.jpg,102,right,1680,0.343040304734,0.345165717382,1,320.0
1,incongruent,1050,2,1134,rightIncongruent.jpg,102,right,1680,0.750611859564,0.555200818945,1,260.0
1,incongruent,1050,1,1208,leftIncongruent.jpg,102,left,1680,0.347779519638,0.305890337725,2,320.0
1,incongruent,1050,1,1645,leftIncongruent.jpg,102,left,1680,1.01119892445,0.772516942296,1,420.0
1,incongruent,1050,2,1038,rightIncongruent.jpg,102,right,1680,1.07697759173,1.0734864837,0,40.0
1,incongruent,1050,1,1242,leftIncongruent.jpg,102,left,1680,0.218188323734,0.15113524526,0,300.0
1,incongruent,1050,1,1085,leftIncongruent.jpg,102,left,1680,0.376578026303,0.223217481442,1,240.0
1,congruent,1050,1,1015,leftCongruent.jpg,102,left,1680,-0.221667318742,-0.226830597805,0,260.0
1,congruent,1050,2,960,rightCongruent.jpg,102,right,1680,0.147822337064,0.0838814029761,0,260.0
1,incongruent,1050,2,1046,rightIncongruent.jpg,102,right,1680,1.20803652165,0.989166570999,1,220.0
1,incongruent,1050,1,990,leftIncongruent.jpg,102,left,1680,0.242923126574,0.12528235268,0,260.0
1,incongruent,1050,2,1085,rightIncongruent.jpg,102,right,1680,1.13817950925,0.79701386751,1,160.0
1,incongruent,1050,2,1037,rightIncongruent.jpg,102,right,1680,0.579024840699,0.235877310977,1,40.0
1,congruent,1050,2,967,rightCongruent.jpg,102,right,1680,-0.0953574323638,-0.0451883534905,0,300.0
1,incongruent,1050,2,954,rightIncongruent.jpg,102,right,1680,0.643959074572,0.502337942401,1,300.0
1,congruent,1050,1,1213,leftCongruent.jpg,102,left,1680,-0.368288592699,-0.162657880445,0,280.0
1,congruent,1050,1,1078,leftCongruent.jpg,102,left,1680,0.136362513977,0.0829480165066,0,320.0
1,congruent,1050,1,983,leftCongruent.jpg,102,left,1680,-0.097016933248,-0.0628299365265,0,340.0
1,incongruent,1050,1,1037,leftIncongruent.jpg,102,left,1680,1.13874326611,1.17678640069,1,280.0
1,incongruent,1050,1,967,leftIncongruent.jpg,102,left,1680,0.411600661181,0.382336127431,0,300.0
1,congruent,1050,1,1081,leftCongruent.jpg,102,left,1680,-0.266623469887,-0.379039340161,0,340.0
1,incongruent,1050,1,1111,leftIncongruent.jpg,102,left,1680,-0.241662463647,-0.11600149168,0,420.0
1,congruent,1050,1,1396,leftCongruent.jpg,102,left,1680,-0.280974306345,-0.338588803173,0,300.0
1,congruent,1050,1,1629,leftCongruent.jpg,102,left,1680,-0.445689610988,-0.522587856858,0,360.0
1,incongruent,1050,2,1100,rightIncongruent.jpg,102,right,1680,0.786661761133,0.765462378864,1,340.0
1,incongruent,1050,1,1249,leftIncongruent.jpg,102,left,1680,0.459417237842,0.405016691704,2,360.0
1,congruent,1050,1,1045,leftCongruent.jpg,102,left,1680,0.120233057988,-0.0896893152431,0,340.0
1,incongruent,1050,1,1214,leftIncongruent.jpg,102,left,1680,1.1368909586,0.758404924971,1,240.0
1,incongruent,1050,1,948,leftIncongruent.jpg,102,left,1680,0.281575718612,0.136764530353,0,300.0
1,congruent,1050,2,971,rightCongruent.jpg,102,right,1680,1.02194330485,0.912743965145,1,180.0
1,congruent,1050,2,870,rightCongruent.jpg,102,right,1680,-0.133278215461,0.00242872550559,0,60.0
1,congruent,1050,2,973,rightCongruent.jpg,102,right,1680,-0.212845869059,-0.161842542941,0,280.0
1,incongruent,1050,2,1063,rightIncongruent.jpg,102,right,1680,0.890665798923,0.719786276687,1,300.0
1,congruent,1050,1,1013,leftCongruent.jpg,102,left,1680,-0.307085157435,-0.227107207749,0,220.0
1,congruent,1050,2,1104,rightCongruent.jpg,102,right,1680,-0.200971540897,-0.17305123236,0,340.0
1,incongruent,1050,1,1148,leftIncongruent.jpg,102,left,1680,0.7148721036,0.774534283082,1,260.0
1,incongruent,1050,2,1077,rightIncongruent.jpg,102,right,1680,-0.249867461815,-0.154091358005,0,360.0
1,congruent,1050,2,1271,rightCongruent.jpg,102,right,1680,-0.187341609958,-0.133376327673,0,440.0
1,incongruent,1050,2,1011,rightIncongruent.jpg,102,right,1680,-0.182278930286,-0.0916807124308,0,420.0
1,congruent,1050,1,1061,leftCongruent.jpg,102,left,1680,-0.182526502265,-0.186038528852,0,360.0
1,congruent,1050,1,990,leftCongruent.jpg,102,left,1680,0.135553072232,-0.0501981851758,0,320.0
1,incongruent,1050,1,1345,leftIncongruent.jpg,102,left,1680,-0.157046617471,0.0295572363229,0,380.0
1,incongruent,1050,1,862,leftIncongruent.jpg,102,left,1680,0.520539467025,0.283593174009,1,260.0
1,congruent,1050,2,918,rightCongruent.jpg,102,right,1680,-0.0825725093832,-0.0908988674201,0,340.0
1,congruent,1050,2,950,rightCongruent.jpg,102,right,1680,-0.129456443915,-0.101891511251,0,280.0
1,congruent,1050,2,968,rightCongruent.jpg,102,right,1680,0.988835979143,0.956900542231,0,120.0
1,congruent,1050,1,893,leftCongruent.jpg,102,left,1680,-0.101061445442,-0.124312770066,0,360.0
1,incongruent,1050,1,991,leftIncongruent.jpg,102,left,1680,0.320937698502,0.249979342056,0,380.0
1,congruent,1050,2,949,rightCongruent.jpg,102,right,1680,-0.194502685527,-0.158297554513,0,320.0
1,congruent,1050,1,1054,leftCongruent.jpg,102,left,1680,0.440951502527,0.353498462551,0,40.0
1,incongruent,1050,2,892,rightIncongruent.jpg,102,right,1680,0.11311187967,0.0350095546996,0,300.0
1,congruent,1050,2,1050,rightCongruent.jpg,102,right,1680,-0.129011866319,-0.122118223288,0,320.0
1,congruent,1050,2,952,rightCongruent.jpg,102,right,1680,-0.513826833237,-0.371514888003,0,60.0
1,incongruent,1050,2,1076,rightIncongruent.jpg,102,right,1680,0.925557183751,0.552264768096,2,240.0
1,incongruent,1050,2,1212,rightIncongruent.jpg,102,right,1680,-0.143443992173,-0.0826987650521,0,320.0
1,incongruent,1050,1,1518,leftIncongruent.jpg,102,left,1680,1.39222888811,1.08754934938,1,260.0
1,incongruent,1050,2,877,rightIncongruent.jpg,102,right,1680,0.318484997556,0.425258240948,0,60.0
1,incongruent,1050,2,1058,rightIncongruent.jpg,102,right,1680,1.10564628695,0.897746213474,1,60.0
1,incongruent,1050,1,997,leftIncongruent.jpg,102,left,1680,0.656151315384,0.560155522766,2,220.0
1,congruent,1050,2,990,rightCongruent.jpg,102,right,1680,0.486084432416,0.536726686917,0,100.0
1,congruent,1050,2,1034,rightCongruent.jpg,102,right,1680,0.130357414003,-0.0368290855932,0,300.0
1,incongruent,1050,2,1152,rightIncongruent.jpg,102,right,1680,0.339976690394,0.339953573474,1,80.0
1,congruent,1050,2,1508,rightCongruent.jpg,102,right,1680,-0.199017128092,-0.203305468139,0,380.0
1,congruent,1050,1,1194,leftCongruent.jpg,102,left,1680,-0.176440172764,-0.175539180102,0,360.0
1,incongruent,1050,1,1038,leftIncongruent.jpg,102,left,1680,0.697571216312,0.615785092982,0,260.0
1,congruent,1050,1,967,leftCongruent.jpg,102,left,1680,-0.073111917872,-0.0609188880148,0,180.0
1,congruent,1050,1,876,leftCongruent.jpg,102,left,1680,-0.267677237233,-0.17539046777,0,220.0
1,congruent,1050,1,910,leftCongruent.jpg,102,left,1680,0.159042191576,0.0318895865844,0,240.0
1,incongruent,1050,2,854,rightIncongruent.jpg,102,right,1680,0.77508036809,0.706671824936,1,60.0
1,congruent,1050,2,964,rightCongruent.jpg,102,right,1680,-0.279576367874,-0.32589130041,0,340.0
1,incongruent,1050,1,991,leftIncongruent.jpg,102,left,1680,0.21814319201,0.103769677325,1,360.0
1,incongruent,1050,2,1358,rightIncongruent.jpg,102,right,1680,0.805877078043,0.608010886478,1,240.0
1,incongruent,1050,1,1042,leftIncongruent.jpg,102,left,1680,0.943530684913,0.819758601267,1,260.0
1,congruent,1050,1,1040,leftCongruent.jpg,102,left,1680,-0.0699050459781,-0.067037114711,0,360.0
1,incongruent,1050,2,1308,rightIncongruent.jpg,102,right,1680,1.19221360139,0.902967802623,1,360.0
1,congruent,1050,1,846,leftCongruent.jpg,102,left,1680,-0.117936030065,-0.0624072133045,0,260.0
1,incongruent,1050,2,912,rightIncongruent.jpg,102,right,1680,0.196356479104,0.108613402346,0,360.0
1,incongruent,1050,1,1068,leftIncongruent.jpg,102,left,1680,0.941531778604,0.59136870657,1,280.0
1,congruent,1050,1,1214,leftCongruent.jpg,102,left,1680,0.806406605344,0.396775650212,1,220.0
1,incongruent,1050,1,1088,leftIncongruent.jpg,102,left,1680,1.18594983728,0.801191887178,1,160.0
1,incongruent,1050,1,1671,leftIncongruent.jpg,102,left,1680,0.479839991739,0.100609570845,1,340.0
1,incongruent,1050,1,940,leftIncongruent.jpg,102,left,1680,0.895351970256,0.517750667878,0,260.0
1,incongruent,1050,2,826,rightIncongruent.jpg,102,right,1680,1.18733007524,1.07898905985,0,180.0
1,incongruent,1050,1,1198,leftIncongruent.jpg,102,left,1680,1.12440746788,0.400047589009,1,400.0
1,incongruent,1050,1,968,leftIncongruent.jpg,102,left,1680,0.984396053576,0.844216902531,1,60.0
1,congruent,1050,1,1211,leftCongruent.jpg,102,left,1680,-0.28940052999,-0.0511612800706,2,140.0
1,congruent,1050,1,944,leftCongruent.jpg,102,left,1680,-0.168461048566,-0.185063447733,0,320.0
1,congruent,1050,1,863,leftCongruent.jpg,102,left,1680,-0.187531490013,-0.210243754301,0,300.0
1,congruent,1050,2,1068,rightCongruent.jpg,102,right,1680,-0.123922104456,-0.0725954734366,0,340.0
1,incongruent,1050,1,1042,leftIncongruent.jpg,102,left,1680,-0.1031586355,0.0248238938951,0,300.0
1,congruent,1050,2,999,rightCongruent.jpg,102,right,1680,-0.226319894825,-0.204726935312,0,320.0
1,incongruent,1050,2,1261,rightIncongruent.jpg,102,right,1680,0.833218752632,1.0947963439,1,360.0
1,incongruent,1050,1,918,leftIncongruent.jpg,102,left,1680,-0.257324929985,-0.30126864677,0,240.0
1,incongruent,1050,1,1740,leftIncongruent.jpg,102,left,1680,0.897782517999,0.430447982955,2,300.0
1,incongruent,1050,2,1016,rightIncongruent.jpg,102,right,1680,0.458164141514,0.280200760154,1,340.0
1,incongruent,1050,2,1120,rightIncongruent.jpg,102,right,1680,0.946311257225,1.01560520946,1,320.0
1,congruent,1050,1,1558,leftCongruent.jpg,102,left,1680,-0.123521066528,-0.0735280759111,0,300.0
1,congruent,1050,1,934,leftCongruent.jpg,102,left,1680,0.169242348676,0.0813013111691,0,220.0
1,incongruent,1050,2,1053,rightIncongruent.jpg,102,right,1680,0.153162895334,0.0235488936572,0,340.0
1,incongruent,1050,1,1309,leftIncongruent.jpg,102,left,1680,1.34071808959,1.2095700674,0,340.0
1,congruent,1050,2,820,rightCongruent.jpg,102,right,1680,-0.177724948518,-0.112702521861,0,320.0
1,congruent,1050,1,1014,leftCongruent.jpg,102,left,1680,0.293865941302,0.145392318467,0,260.0
1,congruent,1050,2,868,rightCongruent.jpg,102,right,1680,0.234147887217,0.282029290416,0,220.0
1,congruent,1050,2,1038,rightCongruent.jpg,102,right,1680,-0.121695347874,-0.0455562086895,0,420.0
1,incongruent,1050,2,1285,rightIncongruent.jpg,102,right,1680,0.996193287859,1.05037466006,1,260.0
1,incongruent,1050,2,1079,rightIncongruent.jpg,102,right,1680,1.02107113813,0.721889652729,1,260.0
1,congruent,1050,2,967,rightCongruent.jpg,102,right,1680,0.115054808128,0.0952378648407,0,360.0
1,incongruent,1050,2,1078,rightIncongruent.jpg,102,right,1680,0.269028586736,0.236525176794,0,320.0
1,incongruent,1050,1,1201,leftIncongruent.jpg,102,left,1680,0.0536760050359,0.0480882926664,0,420.0
1,incongruent,1050,2,1329,rightIncongruent.jpg,102,right,1680,0.276550230444,0.259782725094,1,340.0
1,incongruent,1050,2,924,rightIncongruent.jpg,102,right,1680,0.364907101856,0.347846501561,1,340.0
1,congruent,1050,2,936,rightCongruent.jpg,102,right,1680,-0.177867518458,-0.0746390286915,0,300.0
1,congruent,1050,2,894,rightCongruent.jpg,102,right,1680,-0.268812232048,-0.139986043255,0,240.0
1,congruent,1050,1,981,leftCongruent.jpg,102,left,1680,0.887925807446,0.958168072945,0,140.0
1,incongruent,1050,1,1314,leftIncongruent.jpg,102,left,1680,0.881677731869,0.804849222292,1,380.0
1,incongruent,1050,2,1081,rightIncongruent.jpg,102,right,1680,0.495898962789,0.509039052102,1,320.0
1,congruent,1050,2,1133,rightCongruent.jpg,102,right,1680,0.136737005232,0.165201485951,0,260.0
1,congruent,1050,2,1220,rightCongruent.jpg,102,right,1680,0.302041250481,0.31284864422,0,240.0
1,congruent,1050,2,869,rightCongruent.jpg,102,right,1680,0.0457892944425,0.0359375406875,0,80.0
1,congruent,1050,2,1177,rightCongruent.jpg,102,right,1680,-0.103776581121,-0.0485406957344,0,360.0
1,incongruent,1050,2,1198,rightIncongruent.jpg,102,right,1680,1.1672181186,0.557023425721,1,60.0
1,incongruent,1050,1,1140,leftIncongruent.jpg,102,left,1680,1.41391888327,1.20737312805,0,140.0
1,incongruent,1050,1,798,leftIncongruent.jpg,102,left,1680,0.644116492505,0.53564023936,1,220.0
1,incongruent,1050,2,1927,rightIncongruent.jpg,102,right,1680,1.13829175364,0.822727566055,2,180.0
1,congruent,1050,1,1162,leftCongruent.jpg,102,left,1680,0.707567034144,0.369409798426,1,80.0
1,congruent,1050,1,1287,leftCongruent.jpg,102,left,1680,-0.544308869415,-0.118658562096,0,280.0
1,congruent,1050,1,1009,leftCongruent.jpg,102,left,1680,-0.0889026494908,-0.0549839555644,0,340.0
1,incongruent,1050,1,1134,leftIncongruent.jpg,102,left,1680,0.833912883207,0.623161108726,0,380.0
1,congruent,1050,2,880,rightCongruent.jpg,102,right,1680,-0.0660638675623,-0.0105492823774,0,320.0
1,congruent,1050,2,964,rightCongruent.jpg,102,right,1680,0.544777613279,0.523123631385,0,160.0
1,congruent,1050,1,855,leftCongruent.jpg,102,left,1680,0.0826789610911,-0.0247725848471,0,300.0
1,incongruent,1050,1,1223,leftIncongruent.jpg,102,left,1680,0.621605711795,0.552910458521,0,220.0
1,congruent,1050,2,841,rightCongruent.jpg,102,right,1680,0.4498913048,0.436218295459,1,80.0
1,congruent,1050,1,1514,leftCongruent.jpg,102,left,1680,0.402872379666,0.219994451626,2,40.0
1,congruent,1050,1,877,leftCongruent.jpg,102,left,1680,-0.161041393679,-0.0974177088972,0,220.0
1,incongruent,1050,2,1046,rightIncongruent.jpg,102,right,1680,1.51135785433,1.49050566762,0,100.0
1,congruent,1050,2,871,rightCongruent.jpg,102,right,1680,-0.314614175077,-0.383896975742,0,320.0
1,congruent,1050,1,934,leftCongruent.jpg,102,left,1680,0.722389999616,0.615257985525,0,40.0
1,incongruent,1050,2,1093,rightIncongruent.jpg,102,right,1680,0.566580257133,0.636134189111,0,40.0
1,incongruent,1050,1,1164,leftIncongruent.jpg,102,left,1680,0.356358584707,0.283347910056,0,340.0
1,congruent,1050,2,1199,rightCongruent.jpg,102,right,1680,0.0986895579204,0.134569238638,0,260.0
1,congruent,1050,1,965,leftCongruent.jpg,102,left,1680,-0.199044915608,-0.17926376105,0,140.0
1,congruent,1050,1,788,leftCongruent.jpg,102,left,1680,-0.0687616534895,-0.0260606795003,0,180.0
1,congruent,1050,2,967,rightCongruent.jpg,102,right,1680,-0.174128061434,-0.115527720178,0,320.0
1,congruent,1050,1,1006,leftCongruent.jpg,102,left,1680,0.106805841751,0.0990294601019,0,240.0
1,congruent,1050,2,1064,rightCongruent.jpg,102,right,1680,-0.186427429939,-0.0665111440331,1,260.0
1,congruent,1050,2,894,rightCongruent.jpg,102,right,1680,0.725570651059,0.81102007041,1,140.0
1,incongruent,1050,1,1070,leftIncongruent.jpg,102,left,1680,0.705848619499,0.511523517556,1,200.0
1,congruent,1050,1,761,leftCongruent.jpg,102,left,1680,0.270079018103,0.167120107831,1,220.0
1,incongruent,1050,1,1151,leftIncongruent.jpg,102,left,1680,0.832429368446,0.216567491552,1,200.0
1,incongruent,1050,1,907,leftIncongruent.jpg,102,left,1680,0.265177419589,0.283009648395,0,300.0
1,incongruent,1050,2,1006,rightIncongruent.jpg,102,right,1680,1.3876680078,1.70077007147,1,180.0
1,incongruent,1050,2,1088,rightIncongruent.jpg,102,right,1680,0.318103146056,0.105255806665,1,300.0
1,congruent,1050,1,780,leftCongruent.jpg,102,left,1680,0.263489744337,0.232437041931,0,240.0
1,congruent,1050,2,823,rightCongruent.jpg,102,right,1680,-0.14676952362,-0.127269336564,0,280.0
1,congruent,1050,1,854,leftCongruent.jpg,102,left,1680,-0.1365142246,-0.143291245815,0,220.0
1,incongruent,1050,2,1069,rightIncongruent.jpg,102,right,1680,0.968465550455,0.80734514689,1,260.0
1,incongruent,1050,2,917,rightIncongruent.jpg,102,right,1680,0.875818654736,0.533425840904,2,120.0
1,incongruent,1050,2,866,rightIncongruent.jpg,102,right,1680,0.576383640639,0.636762274203,1,140.0
1,congruent,1050,2,714,rightCongruent.jpg,102,right,1680,0.342774356153,0.25823705668,0,120.0
1,congruent,1050,2,852,rightCongruent.jpg,102,right,1680,0.342637532314,0.314555406048,1,120.0
1,congruent,1050,2,1163,rightCongruent.jpg,102,right,1680,0.116784985133,0.0545055028167,0,240.0
1,congruent,1050,2,924,rightCongruent.jpg,102,right,1680,-0.0966213187415,-0.0915638878839,0,340.0
1,incongruent,1050,1,957,leftIncongruent.jpg,102,left,1680,0.373163196123,0.334388125958,0,320.0
1,congruent,1050,1,1135,leftCongruent.jpg,102,left,1680,0.0964406839169,0.0800043471713,0,380.0
1,incongruent,1050,1,1016,leftIncongruent.jpg,102,left,1680,0.899555879281,0.544724210366,1,220.0
1,incongruent,1050,2,895,rightIncongruent.jpg,102,right,1680,1.06266140675,1.06811619881,0,160.0
1,incongruent,1050,2,896,rightIncongruent.jpg,102,right,1680,0.141888710107,0.137663449239,0,80.0
1,congruent,1050,1,1113,leftCongruent.jpg,102,left,1680,-0.189090175126,-0.16662343018,0,280.0
1,congruent,1050,2,997,rightCongruent.jpg,102,right,1680,0.169613254923,0.116291026896,0,120.0
1,incongruent,1050,1,1014,leftIncongruent.jpg,102,left,1680,0.297781593591,0.259217832792,0,340.0
1,congruent,1050,1,1917,leftCongruent.jpg,102,left,1680,1.2027286344,0.0444157051882,3,320.0
1,incongruent,1050,2,1144,rightIncongruent.jpg,102,right,1680,0.322885832096,0.204595258054,1,340.0
1,incongruent,1050,2,1016,rightIncongruent.jpg,102,right,1680,0.87229414667,0.94673052003,1,280.0
1,incongruent,1050,1,1159,leftIncongruent.jpg,102,left,1680,0.940375543191,0.713490615328,1,260.0
1,incongruent,1050,2,1177,rightIncongruent.jpg,102,right,1680,0.788177678709,0.729865580218,1,300.0
1,congruent,1050,2,855,rightCongruent.jpg,102,right,1680,-0.118659949179,-0.00316212553737,0,300.0
1,congruent,1050,2,855,rightCongruent.jpg,102,right,1680,-0.202000021257,-0.214227479861,0,260.0
1,congruent,1050,1,1007,leftCongruent.jpg,102,left,1680,-0.340934014745,-0.0547360528391,2,240.0
1,incongruent,1050,2,1126,rightIncongruent.jpg,102,right,1680,1.06125873992,0.49574267842,3,160.0
1,congruent,1050,2,830,rightCongruent.jpg,102,right,1680,-0.126113374084,-0.172350426233,0,260.0
1,congruent,1050,1,992,leftCongruent.jpg,102,left,1680,0.255391891435,-0.0368788800745,0,300.0
1,incongruent,1050,1,966,leftIncongruent.jpg,102,left,1680,0.956377702659,0.584349690531,1,220.0
1,incongruent,1050,1,1016,leftIncongruent.jpg,102,left,1680,0.984757871091,0.473250206714,2,200.0
1,incongruent,1050,2,894,rightIncongruent.jpg,102,right,1680,0.824318331795,0.795585416185,0,160.0
1,incongruent,1050,1,1029,leftIncongruent.jpg,102,left,1680,0.936149022301,0.729985060145,1,260.0
1,congruent,1050,1,727,leftCongruent.jpg,102,left,1680,-0.103009944694,-0.0948657588939,0,160.0
1,congruent,1050,1,1103,leftCongruent.jpg,102,left,1680,-0.082574469723,-0.0903148243225,0,240.0
1,incongruent,1050,1,998,leftIncongruent.jpg,102,left,1680,1.11212552743,0.672038150189,1,260.0
1,incongruent,1050,2,1750,rightIncongruent.jpg,102,right,1680,1.32033257061,1.38454609577,1,280.0
1,congruent,1050,1,1231,leftCongruent.jpg,102,left,1680,-0.26094177431,-0.320426894492,0,440.0
1,congruent,1050,2,847,rightCongruent.jpg,102,right,1680,-0.163351878328,-0.107321373894,0,280.0
1,congruent,1050,2,716,rightCongruent.jpg,102,right,1680,0.0596897541787,0.0547425957005,0,220.0
1,congruent,1050,2,769,rightCongruent.jpg,102,right,1680,0.21278802574,0.181436397456,1,260.0
1,incongruent,1050,1,1176,leftIncongruent.jpg,102,left,1680,0.768205180356,0.696616558926,1,260.0
1,congruent,1050,1,942,leftCongruent.jpg,102,left,1680,0.223438811443,0.124270232451,0,280.0
1,congruent,1050,1,797,leftCongruent.jpg,102,left,1680,-0.160421686773,-0.149407438484,0,260.0
1,incongruent,1050,2,901,rightIncongruent.jpg,102,right,1680,0.919558165334,1.05769592778,1,260.0
1,congruent,1050,2,1222,rightCongruent.jpg,102,right,1680,0.0903953502819,0.119013591192,1,300.0
1,incongruent,1050,2,962,rightIncongruent.jpg,102,right,1680,0.735858942095,0.602223247493,2,300.0
1,congruent,1050,1,853,leftCongruent.jpg,102,left,1680,-0.196452767592,-0.109521720222,0,260.0
1,congruent,1050,1,957,leftCongruent.jpg,102,left,1680,-0.275973278959,-0.304971382533,0,300.0
1,congruent,1050,2,911,rightCongruent.jpg,102,right,1680,0.0507193531712,0.0240254909543,0,340.0
1,congruent,1050,1,903,leftCongruent.jpg,102,left,1680,-0.15452091409,-0.0995561030524,0,360.0
1,incongruent,1050,1,1240,leftIncongruent.jpg,102,left,1680,1.18032033434,0.992036388614,1,300.0
1,congruent,1050,2,919,rightCongruent.jpg,102,right,1680,-0.0921750897584,-0.0768011715302,0,320.0
1,incongruent,1050,2,1094,rightIncongruent.jpg,102,right,1680,0.843225682463,0.875547368787,1,320.0
1,congruent,1050,2,1085,rightCongruent.jpg,102,right,1680,0.134128402064,0.123924351926,0,300.0
1,incongruent,1050,1,909,leftIncongruent.jpg,102,left,1680,0.90629601807,0.672560882709,1,160.0
1,congruent,1050,1,1129,leftCongruent.jpg,102,left,1680,1.25288991297,0.938681794211,1,320.0
1,congruent,1050,1,1091,leftCongruent.jpg,102,left,1680,0.104168996036,0.112783408305,1,340.0
1,congruent,1050,2,1014,rightCongruent.jpg,102,right,1680,-0.107571903164,-0.0960784916354,0,340.0
1,incongruent,1050,1,1128,leftIncongruent.jpg,102,left,1680,0.575083660195,0.385909263415,2,160.0
1,incongruent,1050,2,893,rightIncongruent.jpg,102,right,1680,0.646823637723,0.631155502439,1,280.0
1,incongruent,1050,1,1061,leftIncongruent.jpg,102,left,1680,0.804674282445,0.510068467882,0,280.0
1,congruent,1050,2,1256,rightCongruent.jpg,102,right,1680,-0.1793174481,-0.153675668356,0,360.0
1,congruent,1050,2,990,rightCongruent.jpg,102,right,1680,0.0848012668886,0.0821748971197,0,360.0
1,incongruent,1050,1,1397,leftIncongruent.jpg,102,left,1680,-0.308180169248,-0.289751922796,0,340.0
1,incongruent,1050,2,1349,rightIncongruent.jpg,102,right,1680,0.825550829358,0.68112225079,1,300.0
1,incongruent,1050,1,1086,leftIncongruent.jpg,102,left,1680,-0.0763265901833,-0.0207695902831,0,360.0
1,incongruent,1050,2,958,rightIncongruent.jpg,102,right,1680,0.186504056654,0.173521094857,0,280.0
1,congruent,1050,2,1031,rightCongruent.jpg,102,right,1680,-0.200393814805,-0.154326004767,0,320.0
1,incongruent,1050,1,1022,leftIncongruent.jpg,102,left,1680,0.733288124869,0.702093679568,1,300.0
1,incongruent,1050,1,989,leftIncongruent.jpg,102,left,1680,0.238017949406,0.12247997521,1,340.0
1,incongruent,1050,2,1029,rightIncongruent.jpg,102,right,1680,0.696862953423,0.727370172278,0,280.0
1,congruent,1050,1,846,leftCongruent.jpg,102,left,1680,0.096722319129,0.0279184413275,0,220.0
1,incongruent,1050,1,1424,leftIncongruent.jpg,102,left,1680,0.646258260952,0.158832775072,1,340.0
1,incongruent,1050,1,1109,leftIncongruent.jpg,102,left,1680,-0.101257409398,0.0644640483298,0,340.0
1,incongruent,1050,2,1230,rightIncongruent.jpg,102,right,1680,0.982952513399,0.887932850847,0,300.0
1,incongruent,1050,2,1278,rightIncongruent.jpg,102,right,1680,0.467682401856,0.455997764872,1,360.0
1,incongruent,1050,2,1200,rightIncongruent.jpg,102,right,1680,0.168758204977,0.151263112223,1,380.0
1,congruent,1050,1,940,leftCongruent.jpg,102,left,1680,-0.307923023747,-0.339578453705,0,360.0
1,incongruent,1050,1,1329,leftIncongruent.jpg,102,left,1680,0.204804421566,0.224327119788,0,380.0
1,congruent,1050,1,1324,leftCongruent.jpg,102,left,1680,-0.228566818233,-0.240865553709,0,380.0
1,congruent,1050,2,857,rightCongruent.jpg,102,right,1680,-0.208359969364,-0.0100837440437,0,260.0
1,congruent,1050,1,958,leftCongruent.jpg,102,left,1680,-0.127624476474,-0.0728533887946,0,360.0
1,incongruent,1050,1,1022,leftIncongruent.jpg,102,left,1680,0.449390478984,0.288990460624,1,300.0
1,congruent,1050,1,1189,leftCongruent.jpg,102,left,1680,-0.162842037848,-0.184575454285,2,360.0
1,incongruent,1050,1,1007,leftIncongruent.jpg,102,left,1680,0.675978035781,0.318236966176,2,220.0
1,incongruent,1050,1,997,leftIncongruent.jpg,102,left,1680,-0.139300208817,-0.129670948467,0,260.0
1,incongruent,1050,2,1091,rightIncongruent.jpg,102,right,1680,0.886399055962,0.969041293077,0,360.0
1,congruent,1050,1,1026,leftCongruent.jpg,102,left,1680,-0.405874097414,-0.465317658946,0,340.0
1,incongruent,1050,1,1096,leftIncongruent.jpg,102,left,1680,1.2184242172,0.772199009157,1,180.0
1,incongruent,1050,1,1029,leftIncongruent.jpg,102,left,1680,1.1179033805,0.768055888906,1,240.0
1,congruent,1050,2,1009,rightCongruent.jpg,102,right,1680,-0.117849913084,-0.080601528604,0,340.0
1,congruent,1050,2,911,rightCongruent.jpg,102,right,1680,-0.125428082774,-0.134343321277,0,440.0
1,incongruent,1050,2,956,rightIncongruent.jpg,102,right,1680,0.631376392902,0.618715525255,1,300.0
1,congruent,1050,1,863,leftCongruent.jpg,102,left,1680,-0.195374587236,-0.0602162330021,0,280.0
1,congruent,1050,2,813,rightCongruent.jpg,102,right,1680,-0.208198820651,-0.192272022253,0,280.0
1,congruent,1050,1,926,leftCongruent.jpg,102,left,1680,-0.121922295422,-0.0996429174975,0,60.0
1,congruent,1050,2,968,rightCongruent.jpg,102,right,1680,-0.110539551801,-0.0797055142683,0,380.0
1,incongruent,1050,2,1021,rightIncongruent.jpg,102,right,1680,0.963394495867,0.834832822596,0,220.0
